/*
Navicat MySQL Data Transfer

Source Server         : localhost_3306
Source Server Version : 50716
Source Host           : localhost:3306
Source Database       : vatidas

Target Server Type    : MYSQL
Target Server Version : 50716
File Encoding         : 65001

Date: 2017-06-25 12:26:03
*/

SET FOREIGN_KEY_CHECKS=0;

-- ----------------------------
-- Table structure for `importinvoice`
-- ----------------------------
DROP TABLE IF EXISTS `importinvoice`;
CREATE TABLE `importinvoice` (
  `id` int(11) NOT NULL AUTO_INCREMENT,
  `yearMonth` date DEFAULT NULL,
  `type` varchar(20) DEFAULT NULL,
  `commodityName` varchar(20) DEFAULT NULL,
  `money` decimal(19,2) DEFAULT NULL,
  PRIMARY KEY (`id`)
) ENGINE=InnoDB AUTO_INCREMENT=507 DEFAULT CHARSET=utf8;

-- ----------------------------
-- Records of importinvoice
-- ----------------------------
INSERT INTO `importinvoice` VALUES ('435', '2016-01-01', '销项', '鸡肉罐头', '8.00');
INSERT INTO `importinvoice` VALUES ('436', '2016-01-01', '销项', '鱼肉罐头', '27.00');
INSERT INTO `importinvoice` VALUES ('437', '2016-01-01', '销项', '猪肉罐头', '12.00');
INSERT INTO `importinvoice` VALUES ('438', '2016-02-01', '销项', '鸡肉罐头', '0.40');
INSERT INTO `importinvoice` VALUES ('439', '2016-02-01', '销项', '鱼肉罐头', '35.00');
INSERT INTO `importinvoice` VALUES ('440', '2016-02-01', '销项', '猪肉罐头', '10.00');
INSERT INTO `importinvoice` VALUES ('441', '2016-03-01', '销项', '鸡肉罐头', '0.30');
INSERT INTO `importinvoice` VALUES ('442', '2016-03-01', '销项', '鱼肉罐头', '33.00');
INSERT INTO `importinvoice` VALUES ('443', '2016-03-01', '销项', '猪肉罐头', '15.00');
INSERT INTO `importinvoice` VALUES ('444', '2016-04-01', '销项', '鸡肉罐头', '0.30');
INSERT INTO `importinvoice` VALUES ('445', '2016-04-01', '销项', '鱼肉罐头', '30.00');
INSERT INTO `importinvoice` VALUES ('446', '2016-04-01', '销项', '猪肉罐头', '17.00');
INSERT INTO `importinvoice` VALUES ('447', '2016-05-01', '销项', '鸡肉罐头', '0.40');
INSERT INTO `importinvoice` VALUES ('448', '2016-05-01', '销项', '鱼肉罐头', '38.00');
INSERT INTO `importinvoice` VALUES ('449', '2016-05-01', '销项', '猪肉罐头', '22.00');
INSERT INTO `importinvoice` VALUES ('450', '2016-06-01', '销项', '鸡肉罐头', '0.20');
INSERT INTO `importinvoice` VALUES ('451', '2016-06-01', '销项', '鱼肉罐头', '31.00');
INSERT INTO `importinvoice` VALUES ('452', '2016-06-01', '销项', '猪肉罐头', '19.00');
INSERT INTO `importinvoice` VALUES ('453', '2016-01-01', '进项', '花生油', '6.50');
INSERT INTO `importinvoice` VALUES ('454', '2016-01-01', '进项', '鸡肉', '0.80');
INSERT INTO `importinvoice` VALUES ('455', '2016-01-01', '进项', '鱼肉', '1.30');
INSERT INTO `importinvoice` VALUES ('456', '2016-01-01', '进项', '玻璃', '0.15');
INSERT INTO `importinvoice` VALUES ('457', '2016-01-01', '进项', '铁皮', '0.85');
INSERT INTO `importinvoice` VALUES ('458', '2016-01-01', '进项', '食品添加剂', '2.00');
INSERT INTO `importinvoice` VALUES ('459', '2016-01-01', '进项', '纯净水', '1.20');
INSERT INTO `importinvoice` VALUES ('460', '2016-01-01', '进项', '包装纸', '0.30');
INSERT INTO `importinvoice` VALUES ('461', '2016-01-01', '进项', '猪肉', '2.60');
INSERT INTO `importinvoice` VALUES ('462', '2016-02-01', '进项', '花生油', '6.50');
INSERT INTO `importinvoice` VALUES ('463', '2016-02-01', '进项', '鸡肉', '0.80');
INSERT INTO `importinvoice` VALUES ('464', '2016-02-01', '进项', '鱼肉', '1.30');
INSERT INTO `importinvoice` VALUES ('465', '2016-02-01', '进项', '玻璃', '0.15');
INSERT INTO `importinvoice` VALUES ('466', '2016-02-01', '进项', '铁皮', '0.85');
INSERT INTO `importinvoice` VALUES ('467', '2016-02-01', '进项', '食品添加剂', '2.00');
INSERT INTO `importinvoice` VALUES ('468', '2016-02-01', '进项', '纯净水', '1.20');
INSERT INTO `importinvoice` VALUES ('469', '2016-02-01', '进项', '包装纸', '0.30');
INSERT INTO `importinvoice` VALUES ('470', '2016-02-01', '进项', '猪肉', '2.60');
INSERT INTO `importinvoice` VALUES ('471', '2016-03-01', '进项', '花生油', '6.50');
INSERT INTO `importinvoice` VALUES ('472', '2016-03-01', '进项', '鸡肉', '0.80');
INSERT INTO `importinvoice` VALUES ('473', '2016-03-01', '进项', '鱼肉', '1.30');
INSERT INTO `importinvoice` VALUES ('474', '2016-03-01', '进项', '玻璃', '0.15');
INSERT INTO `importinvoice` VALUES ('475', '2016-03-01', '进项', '铁皮', '0.85');
INSERT INTO `importinvoice` VALUES ('476', '2016-03-01', '进项', '食品添加剂', '2.00');
INSERT INTO `importinvoice` VALUES ('477', '2016-03-01', '进项', '纯净水', '1.20');
INSERT INTO `importinvoice` VALUES ('478', '2016-03-01', '进项', '包装纸', '0.30');
INSERT INTO `importinvoice` VALUES ('479', '2016-03-01', '进项', '猪肉', '2.60');
INSERT INTO `importinvoice` VALUES ('480', '2016-04-01', '进项', '花生油', '6.50');
INSERT INTO `importinvoice` VALUES ('481', '2016-04-01', '进项', '鸡肉', '0.80');
INSERT INTO `importinvoice` VALUES ('482', '2016-04-01', '进项', '鱼肉', '1.30');
INSERT INTO `importinvoice` VALUES ('483', '2016-04-01', '进项', '玻璃', '0.15');
INSERT INTO `importinvoice` VALUES ('484', '2016-04-01', '进项', '铁皮', '0.85');
INSERT INTO `importinvoice` VALUES ('485', '2016-04-01', '进项', '食品添加剂', '2.00');
INSERT INTO `importinvoice` VALUES ('486', '2016-04-01', '进项', '纯净水', '1.20');
INSERT INTO `importinvoice` VALUES ('487', '2016-04-01', '进项', '包装纸', '0.30');
INSERT INTO `importinvoice` VALUES ('488', '2016-04-01', '进项', '猪肉', '2.60');
INSERT INTO `importinvoice` VALUES ('489', '2016-05-01', '进项', '花生油', '6.50');
INSERT INTO `importinvoice` VALUES ('490', '2016-05-01', '进项', '鸡肉', '0.80');
INSERT INTO `importinvoice` VALUES ('491', '2016-05-01', '进项', '鱼肉', '1.30');
INSERT INTO `importinvoice` VALUES ('492', '2016-05-01', '进项', '玻璃', '0.15');
INSERT INTO `importinvoice` VALUES ('493', '2016-05-01', '进项', '铁皮', '0.85');
INSERT INTO `importinvoice` VALUES ('494', '2016-05-01', '进项', '食品添加剂', '2.00');
INSERT INTO `importinvoice` VALUES ('495', '2016-05-01', '进项', '纯净水', '1.20');
INSERT INTO `importinvoice` VALUES ('496', '2016-05-01', '进项', '包装纸', '0.30');
INSERT INTO `importinvoice` VALUES ('497', '2016-05-01', '进项', '猪肉', '2.60');
INSERT INTO `importinvoice` VALUES ('498', '2016-06-01', '进项', '花生油', '6.50');
INSERT INTO `importinvoice` VALUES ('499', '2016-06-01', '进项', '鸡肉', '0.80');
INSERT INTO `importinvoice` VALUES ('500', '2016-06-01', '进项', '鱼肉', '1.30');
INSERT INTO `importinvoice` VALUES ('501', '2016-06-01', '进项', '玻璃', '0.15');
INSERT INTO `importinvoice` VALUES ('502', '2016-06-01', '进项', '铁皮', '0.85');
INSERT INTO `importinvoice` VALUES ('503', '2016-06-01', '进项', '食品添加剂', '2.00');
INSERT INTO `importinvoice` VALUES ('504', '2016-06-01', '进项', '纯净水', '1.20');
INSERT INTO `importinvoice` VALUES ('505', '2016-06-01', '进项', '包装纸', '0.30');
INSERT INTO `importinvoice` VALUES ('506', '2016-06-01', '进项', '猪肉', '2.60');

-- ----------------------------
-- Table structure for `invoice`
-- ----------------------------
DROP TABLE IF EXISTS `invoice`;
CREATE TABLE `invoice` (
  `id` int(11) NOT NULL AUTO_INCREMENT,
  `code` varchar(50) DEFAULT NULL,
  `type` varchar(20) DEFAULT NULL,
  `date` date DEFAULT NULL,
  `unit` varchar(50) DEFAULT NULL,
  `commodityName` varchar(50) DEFAULT NULL,
  `commodityNum` int(11) DEFAULT NULL,
  `commodityUnit` varchar(20) DEFAULT NULL,
  `commodityPrePrice` decimal(20,4) DEFAULT NULL,
  `commodityMoney` decimal(20,4) DEFAULT NULL,
  `invoiceTaxMoney` decimal(20,4) DEFAULT NULL,
  `totalMoney` decimal(20,4) DEFAULT NULL,
  PRIMARY KEY (`id`),
  UNIQUE KEY `UK_7jq4q4t65on0ftpce6rjb17m9` (`code`)
) ENGINE=InnoDB AUTO_INCREMENT=414 DEFAULT CHARSET=utf8;

-- ----------------------------
-- Records of invoice
-- ----------------------------
INSERT INTO `invoice` VALUES ('13', '20170102-001', '销项', '2017-01-01', '广西肉类销售部', '火腿', '3200', '根', '1.5000', '2.5000', '0.4500', '3.5800');
INSERT INTO `invoice` VALUES ('21', '20170102-009', '销项', '2017-01-01', '广西肉类销售部', '火腿', '3200', '根', '1.5000', '2.5000', '0.4500', '3.5800');
INSERT INTO `invoice` VALUES ('25', '201701010-003', '进项', '2017-01-20', '广西肉类销售部', '火腿', '3200', '根', '1.5000', '2.5000', '0.4500', '3.5800');
INSERT INTO `invoice` VALUES ('28', '201701010-006', '进项', '2017-01-14', '广西肉类销售部', '火腿', '3200', '根', '1.5000', '2.5000', '0.4500', '3.5800');
INSERT INTO `invoice` VALUES ('29', '201701010-007', '进项', '2017-01-01', '广西肉类销售部', '火腿', '3200', '根', '1.5000', '2.5000', '0.4500', '3.5800');
INSERT INTO `invoice` VALUES ('30', '201701010-008', '进项', '2017-01-01', '广西肉类销售部', '火腿', '3200', '根', '1.5000', '2.5000', '0.4500', '3.5800');
INSERT INTO `invoice` VALUES ('31', '201701010-009', '进项', '2017-01-01', '广西肉类销售部', '火腿', '3200', '根', '1.5000', '2.5000', '0.4500', '3.5800');
INSERT INTO `invoice` VALUES ('32', '201701010-0010', '进项', '2017-01-01', '广西肉类销售部', '火腿', '3200', '根', '1.5000', '2.5000', '0.4500', '3.5800');
INSERT INTO `invoice` VALUES ('34', '201702010-001', '进项', '2017-02-01', '广西食物材料销售中心', '鸡肉', '1200', 'kg', '3.5000', '6.0000', '0.2500', '3.7500');
INSERT INTO `invoice` VALUES ('35', '201702010-002', '进项', '2017-02-01', '广西食物材料销售中心', '鸡肉', '1200', 'kg', '3.5000', '6.0000', '0.2500', '3.7500');
INSERT INTO `invoice` VALUES ('36', '201702010-003', '进项', '2017-02-01', '广西食物材料销售中心', '鸡肉', '1200', 'kg', '3.5000', '6.0000', '0.2500', '3.7500');
INSERT INTO `invoice` VALUES ('37', '201702010-004', '进项', '2017-02-01', '广西食物材料销售中心', '鸡肉', '1200', 'kg', '3.5000', '6.0000', '0.2500', '3.7500');
INSERT INTO `invoice` VALUES ('38', '201702010-005', '进项', '2017-02-01', '广西食物材料销售中心', '鸡肉', '1200', 'kg', '3.5000', '6.0000', '0.2500', '3.7500');
INSERT INTO `invoice` VALUES ('39', '201702010-006', '进项', '2017-02-01', '广西食物材料销售中心', '鸡肉', '1200', 'kg', '3.5000', '6.0000', '0.2500', '3.7500');
INSERT INTO `invoice` VALUES ('40', '201702010-007', '进项', '2017-02-01', '广西食物材料销售中心', '鸡肉', '1200', 'kg', '3.5000', '6.0000', '0.2500', '3.7500');
INSERT INTO `invoice` VALUES ('41', '201702010-008', '进项', '2017-02-01', '广西食物材料销售中心', '鸡肉', '1200', 'kg', '3.5000', '6.0000', '0.2500', '3.7500');
INSERT INTO `invoice` VALUES ('42', '201702010-009', '进项', '2017-02-01', '广西食物材料销售中心', '鸡肉', '1200', 'kg', '3.5000', '6.0000', '0.2500', '3.7500');
INSERT INTO `invoice` VALUES ('43', '201702010-0010', '进项', '2017-02-01', '广西食物材料销售中心', '鸡肉', '1200', 'kg', '3.5000', '6.0000', '0.2500', '3.7500');
INSERT INTO `invoice` VALUES ('45', '201702012-001', '销项', '2017-02-01', '广西食物材料销售中心', '鸡肉', '1200', 'kg', '3.5000', '6.0000', '0.2500', '3.7500');
INSERT INTO `invoice` VALUES ('46', '201702012-002', '销项', '2017-02-01', '广西食物材料销售中心', '鸡肉', '1200', 'kg', '3.5000', '6.0000', '0.2500', '3.7500');
INSERT INTO `invoice` VALUES ('47', '201702012-003', '销项', '2017-02-01', '广西食物材料销售中心', '鸡肉', '1200', 'kg', '3.5000', '6.0000', '0.2500', '3.7500');
INSERT INTO `invoice` VALUES ('48', '201702012-004', '销项', '2017-02-01', '广西食物材料销售中心', '鸡肉', '1200', 'kg', '3.5000', '6.0000', '0.2500', '3.7500');
INSERT INTO `invoice` VALUES ('49', '201702012-005', '销项', '2017-02-01', '广西食物材料销售中心', '鸡肉', '1200', 'kg', '3.5000', '6.0000', '0.2500', '3.7500');
INSERT INTO `invoice` VALUES ('50', '201702012-006', '销项', '2017-02-01', '广西食物材料销售中心', '鸡肉', '1200', 'kg', '3.5000', '6.0000', '0.2500', '3.7500');
INSERT INTO `invoice` VALUES ('51', '201702012-007', '销项', '2017-02-01', '广西食物材料销售中心', '鸡肉', '1200', 'kg', '3.5000', '6.0000', '0.2500', '3.7500');
INSERT INTO `invoice` VALUES ('52', '201702012-008', '销项', '2017-02-01', '广西食物材料销售中心', '鸡肉', '1200', 'kg', '3.5000', '6.0000', '0.2500', '3.7500');
INSERT INTO `invoice` VALUES ('53', '201702012-009', '销项', '2017-02-01', '广西食物材料销售中心', '鸡肉', '1200', 'kg', '3.5000', '6.0000', '0.2500', '3.7500');
INSERT INTO `invoice` VALUES ('54', '201702012-0010', '销项', '2017-02-01', '广西食物材料销售中心', '鸡肉', '1200', 'kg', '3.5000', '6.0000', '0.2500', '3.7500');
INSERT INTO `invoice` VALUES ('55', '201703020-001', '销项', '2017-03-01', '广西食物材料销售中心', '牛肉', '1200', 'kg', '6.5000', '1.2000', '7.5500', '3.7500');
INSERT INTO `invoice` VALUES ('56', '201703020-002', '销项', '2017-03-01', '广西食物材料销售中心', '牛肉', '1200', 'kg', '6.5000', '1.2000', '7.5500', '3.7500');
INSERT INTO `invoice` VALUES ('57', '201703020-003', '销项', '2017-03-01', '广西食物材料销售中心', '牛肉', '1200', 'kg', '6.5000', '1.2000', '7.5500', '3.7500');
INSERT INTO `invoice` VALUES ('58', '201703020-004', '销项', '2017-03-01', '广西食物材料销售中心', '牛肉', '1200', 'kg', '6.5000', '1.2000', '7.5500', '3.7500');
INSERT INTO `invoice` VALUES ('59', '201703020-005', '销项', '2017-03-01', '广西食物材料销售中心', '牛肉', '1200', 'kg', '6.5000', '1.2000', '7.5500', '3.7500');
INSERT INTO `invoice` VALUES ('60', '201703020-006', '销项', '2017-03-01', '广西食物材料销售中心', '牛肉', '1200', 'kg', '6.5000', '1.2000', '7.5500', '3.7500');
INSERT INTO `invoice` VALUES ('61', '201703020-007', '销项', '2017-03-01', '广西食物材料销售中心', '牛肉', '1200', 'kg', '6.5000', '1.2000', '7.5500', '3.7500');
INSERT INTO `invoice` VALUES ('62', '201703020-008', '销项', '2017-03-01', '广西食物材料销售中心', '牛肉', '1200', 'kg', '6.5000', '1.2000', '7.5500', '3.7500');
INSERT INTO `invoice` VALUES ('63', '201703020-009', '销项', '2017-03-01', '广西食物材料销售中心', '牛肉', '1200', 'kg', '6.5000', '1.2000', '7.5500', '3.7500');
INSERT INTO `invoice` VALUES ('64', '201703020-0010', '销项', '2017-03-01', '广西食物材料销售中心', '牛肉', '1200', 'kg', '6.5000', '1.2000', '7.5500', '3.7500');
INSERT INTO `invoice` VALUES ('65', '201703025-001', '进项', '2017-03-01', '广西食物材料销售中心', '牛肉', '1200', 'kg', '6.5000', '1.2000', '7.5500', '3.7500');
INSERT INTO `invoice` VALUES ('66', '201703025-002', '进项', '2017-03-01', '广西食物材料销售中心', '牛肉', '1200', 'kg', '6.5000', '1.2000', '7.5500', '3.7500');
INSERT INTO `invoice` VALUES ('67', '201703025-003', '进项', '2017-03-01', '广西食物材料销售中心', '牛肉', '1200', 'kg', '6.5000', '1.2000', '7.5500', '3.7500');
INSERT INTO `invoice` VALUES ('68', '201703025-004', '进项', '2017-03-01', '广西食物材料销售中心', '牛肉', '1200', 'kg', '6.5000', '1.2000', '7.5500', '3.7500');
INSERT INTO `invoice` VALUES ('69', '201703025-005', '进项', '2017-03-01', '广西食物材料销售中心', '牛肉', '1200', 'kg', '6.5000', '1.2000', '7.5500', '3.7500');
INSERT INTO `invoice` VALUES ('70', '201703025-006', '进项', '2017-03-01', '广西食物材料销售中心', '牛肉', '1200', 'kg', '6.5000', '1.2000', '7.5500', '3.7500');
INSERT INTO `invoice` VALUES ('71', '201703025-007', '进项', '2017-03-01', '广西食物材料销售中心', '牛肉', '1200', 'kg', '6.5000', '1.2000', '7.5500', '3.7500');
INSERT INTO `invoice` VALUES ('72', '201703025-008', '进项', '2017-03-01', '广西食物材料销售中心', '牛肉', '1200', 'kg', '6.5000', '1.2000', '7.5500', '3.7500');
INSERT INTO `invoice` VALUES ('73', '201703025-009', '进项', '2017-03-01', '广西食物材料销售中心', '牛肉', '1200', 'kg', '6.5000', '1.2000', '7.5500', '3.7500');
INSERT INTO `invoice` VALUES ('74', '201703025-0010', '进项', '2017-03-01', '广西食物材料销售中心', '牛肉', '1200', 'kg', '6.5000', '1.2000', '7.5500', '3.7500');
INSERT INTO `invoice` VALUES ('75', '201704011-001', '进项', '2017-04-01', '广西食物材料销售中心', '红枣', '1200', 'kg', '1.5000', '0.3000', '1.8500', '3.7500');
INSERT INTO `invoice` VALUES ('76', '201704011-002', '进项', '2017-04-01', '广西食物材料销售中心', '红枣', '1200', 'kg', '1.5000', '0.3000', '1.8500', '3.7500');
INSERT INTO `invoice` VALUES ('77', '201704011-003', '进项', '2017-04-01', '广西食物材料销售中心', '红枣', '1200', 'kg', '1.5000', '0.3000', '1.8500', '3.7500');
INSERT INTO `invoice` VALUES ('78', '201704011-004', '进项', '2017-04-01', '广西食物材料销售中心', '红枣', '1200', 'kg', '1.5000', '0.3000', '1.8500', '3.7500');
INSERT INTO `invoice` VALUES ('79', '201704011-005', '进项', '2017-04-01', '广西食物材料销售中心', '红枣', '1200', 'kg', '1.5000', '0.3000', '1.8500', '3.7500');
INSERT INTO `invoice` VALUES ('80', '201704011-006', '进项', '2017-04-01', '广西食物材料销售中心', '红枣', '1200', 'kg', '1.5000', '0.3000', '1.8500', '3.7500');
INSERT INTO `invoice` VALUES ('81', '201704011-007', '进项', '2017-04-01', '广西食物材料销售中心', '红枣', '1200', 'kg', '1.5000', '0.3000', '1.8500', '3.7500');
INSERT INTO `invoice` VALUES ('82', '201704011-008', '进项', '2017-04-01', '广西食物材料销售中心', '红枣', '1200', 'kg', '1.5000', '0.3000', '1.8500', '3.7500');
INSERT INTO `invoice` VALUES ('83', '201704011-009', '进项', '2017-04-01', '广西食物材料销售中心', '红枣', '1200', 'kg', '1.5000', '0.3000', '1.8500', '3.7500');
INSERT INTO `invoice` VALUES ('84', '201704011-0010', '进项', '2017-04-01', '广西食物材料销售中心', '红枣', '1200', 'kg', '1.5000', '0.3000', '1.8500', '3.7500');
INSERT INTO `invoice` VALUES ('85', '201704015-001', '销项', '2017-04-01', '广西食物材料销售中心', '红枣', '1200', 'kg', '1.5000', '0.3000', '1.8500', '3.7500');
INSERT INTO `invoice` VALUES ('86', '201704015-002', '销项', '2017-04-01', '广西食物材料销售中心', '红枣', '1200', 'kg', '1.5000', '0.3000', '1.8500', '3.7500');
INSERT INTO `invoice` VALUES ('87', '201704015-003', '销项', '2017-04-01', '广西食物材料销售中心', '红枣', '1200', 'kg', '1.5000', '0.3000', '1.8500', '3.7500');
INSERT INTO `invoice` VALUES ('88', '201704015-004', '销项', '2017-04-01', '广西食物材料销售中心', '红枣', '1200', 'kg', '1.5000', '0.3000', '1.8500', '3.7500');
INSERT INTO `invoice` VALUES ('89', '201704015-005', '销项', '2017-04-01', '广西食物材料销售中心', '红枣', '1200', 'kg', '1.5000', '0.3000', '1.8500', '3.7500');
INSERT INTO `invoice` VALUES ('90', '201704015-006', '销项', '2017-04-01', '广西食物材料销售中心', '红枣', '1200', 'kg', '1.5000', '0.3000', '1.8500', '3.7500');
INSERT INTO `invoice` VALUES ('91', '201704015-007', '销项', '2017-04-01', '广西食物材料销售中心', '红枣', '1200', 'kg', '1.5000', '0.3000', '1.8500', '3.7500');
INSERT INTO `invoice` VALUES ('92', '201704015-008', '销项', '2017-04-01', '广西食物材料销售中心', '红枣', '1200', 'kg', '1.5000', '0.3000', '1.8500', '3.7500');
INSERT INTO `invoice` VALUES ('93', '201704015-009', '销项', '2017-04-01', '广西食物材料销售中心', '红枣', '1200', 'kg', '1.5000', '0.3000', '1.8500', '3.7500');
INSERT INTO `invoice` VALUES ('94', '201704015-0010', '销项', '2017-04-01', '广西食物材料销售中心', '红枣', '1200', 'kg', '1.5000', '0.3000', '1.8500', '3.7500');
INSERT INTO `invoice` VALUES ('95', '201705002-001', '销项', '2017-05-01', '广西食物材料销售中心', '罐头', '1200', 'kg', '7.5000', '1.2000', '0.3000', '1.5000');
INSERT INTO `invoice` VALUES ('96', '201705002-002', '销项', '2017-05-01', '广西食物材料销售中心', '罐头', '1200', 'kg', '7.5000', '1.2000', '0.3000', '1.5000');
INSERT INTO `invoice` VALUES ('97', '201705002-003', '销项', '2017-05-01', '广西食物材料销售中心', '罐头', '1200', 'kg', '7.5000', '1.2000', '0.3000', '1.5000');
INSERT INTO `invoice` VALUES ('98', '201705002-004', '销项', '2017-05-01', '广西食物材料销售中心', '罐头', '1200', 'kg', '7.5000', '1.2000', '0.3000', '1.5000');
INSERT INTO `invoice` VALUES ('99', '201705002-005', '销项', '2017-05-01', '广西食物材料销售中心', '罐头', '1200', 'kg', '7.5000', '1.2000', '0.3000', '1.5000');
INSERT INTO `invoice` VALUES ('100', '201705002-006', '销项', '2017-05-01', '广西食物材料销售中心', '罐头', '1200', 'kg', '7.5000', '1.2000', '0.3000', '1.5000');
INSERT INTO `invoice` VALUES ('101', '201705002-007', '销项', '2017-05-01', '广西食物材料销售中心', '罐头', '1200', 'kg', '7.5000', '1.2000', '0.3000', '1.5000');
INSERT INTO `invoice` VALUES ('102', '201705002-008', '销项', '2017-05-01', '广西食物材料销售中心', '罐头', '1200', 'kg', '7.5000', '1.2000', '0.3000', '1.5000');
INSERT INTO `invoice` VALUES ('103', '201705002-009', '销项', '2017-05-01', '广西食物材料销售中心', '罐头', '1200', 'kg', '7.5000', '1.2000', '0.3000', '1.5000');
INSERT INTO `invoice` VALUES ('104', '201705002-0010', '销项', '2017-05-01', '广西食物材料销售中心', '罐头', '1200', 'kg', '7.5000', '1.2000', '0.3000', '1.5000');
INSERT INTO `invoice` VALUES ('105', '201705005-001', '进项', '2017-05-01', '广西食物材料销售中心', '青菜', '1200', 'kg', '0.5000', '0.5000', '0.0400', '1.1000');
INSERT INTO `invoice` VALUES ('106', '201705005-002', '进项', '2017-05-01', '广西食物材料销售中心', '青菜', '1200', 'kg', '0.5000', '0.5000', '0.0400', '1.1000');
INSERT INTO `invoice` VALUES ('107', '201705005-003', '进项', '2017-05-01', '广西食物材料销售中心', '青菜', '1200', 'kg', '0.5000', '0.5000', '0.0400', '1.1000');
INSERT INTO `invoice` VALUES ('108', '201705005-004', '进项', '2017-05-01', '广西食物材料销售中心', '青菜', '1200', 'kg', '0.5000', '0.5000', '0.0400', '1.1000');
INSERT INTO `invoice` VALUES ('109', '201705005-005', '进项', '2017-05-01', '广西食物材料销售中心', '青菜', '1200', 'kg', '0.5000', '0.5000', '0.0400', '1.1000');
INSERT INTO `invoice` VALUES ('110', '201705005-006', '进项', '2017-05-01', '广西食物材料销售中心', '青菜', '1200', 'kg', '0.5000', '0.5000', '0.0400', '1.1000');
INSERT INTO `invoice` VALUES ('111', '201705005-007', '进项', '2017-05-01', '广西食物材料销售中心', '青菜', '1200', 'kg', '0.5000', '0.5000', '0.0400', '1.1000');
INSERT INTO `invoice` VALUES ('112', '201705005-008', '进项', '2017-05-01', '广西食物材料销售中心', '青菜', '1200', 'kg', '0.5000', '0.5000', '0.0400', '1.1000');
INSERT INTO `invoice` VALUES ('113', '201705005-009', '进项', '2017-05-01', '广西食物材料销售中心', '青菜', '1200', 'kg', '0.5000', '0.5000', '0.0400', '1.1000');
INSERT INTO `invoice` VALUES ('114', '201705005-0010', '进项', '2017-05-01', '广西食物材料销售中心', '青菜', '1200', 'kg', '0.5000', '0.5000', '0.0400', '1.1000');
INSERT INTO `invoice` VALUES ('115', '2017050010-001', '销项', '2017-05-01', '广西食物材料销售中心', '猪肉饼', '2200', 'kg', '1.6000', '2.1000', '0.7000', '1.1000');
INSERT INTO `invoice` VALUES ('116', '2017050010-002', '销项', '2017-05-01', '广西食物材料销售中心', '猪肉饼', '2200', 'kg', '1.6000', '2.1000', '0.7000', '1.1000');
INSERT INTO `invoice` VALUES ('117', '2017050010-003', '销项', '2017-05-01', '广西食物材料销售中心', '猪肉饼', '2200', 'kg', '1.6000', '2.1000', '0.7000', '1.1000');
INSERT INTO `invoice` VALUES ('118', '2017050010-004', '销项', '2017-05-01', '广西食物材料销售中心', '猪肉饼', '2200', 'kg', '1.6000', '2.1000', '0.7000', '1.1000');
INSERT INTO `invoice` VALUES ('119', '2017050010-005', '销项', '2017-05-01', '广西食物材料销售中心', '猪肉饼', '2200', 'kg', '1.6000', '2.1000', '0.7000', '1.1000');
INSERT INTO `invoice` VALUES ('120', '2017050010-006', '销项', '2017-05-01', '广西食物材料销售中心', '猪肉饼', '2200', 'kg', '1.6000', '2.1000', '0.7000', '1.1000');
INSERT INTO `invoice` VALUES ('121', '2017050010-007', '销项', '2017-05-01', '广西食物材料销售中心', '猪肉饼', '2200', 'kg', '1.6000', '2.1000', '0.7000', '1.1000');
INSERT INTO `invoice` VALUES ('122', '2017050010-008', '销项', '2017-05-01', '广西食物材料销售中心', '猪肉饼', '2200', 'kg', '1.6000', '2.1000', '0.7000', '1.1000');
INSERT INTO `invoice` VALUES ('123', '2017050010-009', '销项', '2017-05-01', '广西食物材料销售中心', '猪肉饼', '2200', 'kg', '1.6000', '2.1000', '0.7000', '1.1000');
INSERT INTO `invoice` VALUES ('124', '2017050010-0010', '销项', '2017-05-01', '广西食物材料销售中心', '猪肉饼', '2200', 'kg', '1.6000', '2.1000', '0.7000', '1.1000');
INSERT INTO `invoice` VALUES ('125', '2017060015-001', '进项', '2017-06-01', '广西食物材料销售中心', '鸡蛋', '2200', '个', '1.6000', '2.1000', '0.7000', '1.1000');
INSERT INTO `invoice` VALUES ('126', '2017060015-002', '进项', '2017-06-01', '广西食物材料销售中心', '鸡蛋', '2200', '个', '1.6000', '2.1000', '0.7000', '1.1000');
INSERT INTO `invoice` VALUES ('127', '2017060015-003', '进项', '2017-06-01', '广西食物材料销售中心', '鸡蛋', '2200', '个', '1.6000', '2.1000', '0.7000', '1.1000');
INSERT INTO `invoice` VALUES ('128', '2017060015-004', '进项', '2017-06-01', '广西食物材料销售中心', '鸡蛋', '2200', '个', '1.6000', '2.1000', '0.7000', '1.1000');
INSERT INTO `invoice` VALUES ('129', '2017060015-005', '进项', '2017-06-01', '广西食物材料销售中心', '鸡蛋', '2200', '个', '1.6000', '2.1000', '0.7000', '1.1000');
INSERT INTO `invoice` VALUES ('130', '2017060015-006', '进项', '2017-06-01', '广西食物材料销售中心', '鸡蛋', '2200', '个', '1.6000', '2.1000', '0.7000', '1.1000');
INSERT INTO `invoice` VALUES ('131', '2017060015-007', '进项', '2017-06-01', '广西食物材料销售中心', '鸡蛋', '2200', '个', '1.6000', '2.1000', '0.7000', '1.1000');
INSERT INTO `invoice` VALUES ('132', '2017060015-008', '进项', '2017-06-01', '广西食物材料销售中心', '鸡蛋', '2200', '个', '1.6000', '2.1000', '0.7000', '1.1000');
INSERT INTO `invoice` VALUES ('133', '2017060015-009', '进项', '2017-06-01', '广西食物材料销售中心', '鸡蛋', '2200', '个', '1.6000', '2.1000', '0.7000', '1.1000');
INSERT INTO `invoice` VALUES ('134', '2017060015-0010', '进项', '2017-06-01', '广西食物材料销售中心', '鸡蛋', '2200', '个', '1.6000', '2.1000', '0.7000', '1.1000');
INSERT INTO `invoice` VALUES ('147', '2017060020-001', '销项', '2017-06-20', '广西食物材料销售中心', '鸡蛋', '2000', '个', '1.2000', '2.3000', '0.2500', '2.4000');
INSERT INTO `invoice` VALUES ('148', '2017060020-002', '销项', '2017-06-20', '广西食物材料销售中心', '鸡蛋', '2000', '个', '1.2000', '2.3000', '0.2500', '2.4000');
INSERT INTO `invoice` VALUES ('149', '2017060020-003', '销项', '2017-06-20', '广西食物材料销售中心', '鸡蛋', '2000', '个', '1.2000', '2.3000', '0.2500', '2.4000');
INSERT INTO `invoice` VALUES ('150', '2017060020-004', '销项', '2017-06-20', '广西食物材料销售中心', '鸡蛋', '2000', '个', '1.2000', '2.3000', '0.2500', '2.4000');
INSERT INTO `invoice` VALUES ('151', '2017060020-005', '销项', '2017-06-20', '广西食物材料销售中心', '鸡蛋', '2000', '个', '1.2000', '2.3000', '0.2500', '2.4000');
INSERT INTO `invoice` VALUES ('152', '2017060020-006', '销项', '2017-06-20', '广西食物材料销售中心', '鸡蛋', '2000', '个', '1.2000', '2.3000', '0.2500', '2.4000');
INSERT INTO `invoice` VALUES ('153', '2017060020-007', '销项', '2017-06-20', '广西食物材料销售中心', '鸡蛋', '2000', '个', '1.2000', '2.3000', '0.2500', '2.4000');
INSERT INTO `invoice` VALUES ('154', '2017060020-008', '销项', '2017-06-20', '广西食物材料销售中心', '鸡蛋', '2000', '个', '1.2000', '2.3000', '0.2500', '2.4000');
INSERT INTO `invoice` VALUES ('155', '2017060020-009', '销项', '2017-06-20', '广西食物材料销售中心', '鸡蛋', '2000', '个', '1.2000', '2.3000', '0.2500', '2.4000');
INSERT INTO `invoice` VALUES ('156', '2017060020-0010', '销项', '2017-06-20', '广西食物材料销售中心', '鸡蛋', '2000', '个', '1.2000', '2.3000', '0.2500', '2.4000');
INSERT INTO `invoice` VALUES ('158', '201612020-001', '销项', '2016-12-20', '广西食物材料销售中心', '鱼干', '2000', 'kg', '1.2000', '2.3000', '0.2500', '2.4000');
INSERT INTO `invoice` VALUES ('159', '201612020-002', '销项', '2016-12-20', '广西食物材料销售中心', '鱼干', '2000', 'kg', '1.2000', '2.3000', '0.2500', '2.4000');
INSERT INTO `invoice` VALUES ('160', '201612020-003', '销项', '2016-12-20', '广西食物材料销售中心', '鱼干', '2000', 'kg', '1.2000', '2.3000', '0.2500', '2.4000');
INSERT INTO `invoice` VALUES ('161', '201612020-004', '销项', '2016-12-20', '广西食物材料销售中心', '鱼干', '2000', 'kg', '1.2000', '2.3000', '0.2500', '2.4000');
INSERT INTO `invoice` VALUES ('162', '201612020-005', '销项', '2016-12-20', '广西食物材料销售中心', '鱼干', '2000', 'kg', '1.2000', '2.3000', '0.2500', '2.4000');
INSERT INTO `invoice` VALUES ('163', '201612020-006', '销项', '2016-12-20', '广西食物材料销售中心', '鱼干', '2000', 'kg', '1.2000', '2.3000', '0.2500', '2.4000');
INSERT INTO `invoice` VALUES ('164', '201612020-007', '销项', '2016-12-20', '广西食物材料销售中心', '鱼干', '2000', 'kg', '1.2000', '2.3000', '0.2500', '2.4000');
INSERT INTO `invoice` VALUES ('165', '201612020-008', '销项', '2016-12-20', '广西食物材料销售中心', '鱼干', '2000', 'kg', '1.2000', '2.3000', '0.2500', '2.4000');
INSERT INTO `invoice` VALUES ('166', '201612020-009', '销项', '2016-12-20', '广西食物材料销售中心', '鱼干', '2000', 'kg', '1.2000', '2.3000', '0.2500', '2.4000');
INSERT INTO `invoice` VALUES ('167', '201612020-0010', '销项', '2016-12-20', '广西食物材料销售中心', '鱼干', '2000', 'kg', '1.2000', '2.3000', '0.2500', '2.4000');
INSERT INTO `invoice` VALUES ('168', '2016120110-001', '进项', '2016-12-10', '广西食物材料销售中心', '鱼干', '2000', 'kg', '1.2000', '3.3000', '0.2500', '4.3000');
INSERT INTO `invoice` VALUES ('169', '2016120110-002', '进项', '2016-12-10', '广西食物材料销售中心', '鱼干', '2000', 'kg', '1.2000', '3.3000', '0.2500', '4.3000');
INSERT INTO `invoice` VALUES ('170', '2016120110-003', '进项', '2016-12-10', '广西食物材料销售中心', '鱼干', '2000', 'kg', '1.2000', '3.3000', '0.2500', '4.3000');
INSERT INTO `invoice` VALUES ('171', '2016120110-004', '进项', '2016-12-10', '广西食物材料销售中心', '鱼干', '2000', 'kg', '1.2000', '3.3000', '0.2500', '4.3000');
INSERT INTO `invoice` VALUES ('172', '2016120110-005', '进项', '2016-12-10', '广西食物材料销售中心', '鱼干', '2000', 'kg', '1.2000', '3.3000', '0.2500', '4.3000');
INSERT INTO `invoice` VALUES ('173', '2016120110-006', '进项', '2016-12-10', '广西食物材料销售中心', '鱼干', '2000', 'kg', '1.2000', '3.3000', '0.2500', '4.3000');
INSERT INTO `invoice` VALUES ('174', '2016120110-007', '进项', '2016-12-10', '广西食物材料销售中心', '鱼干', '2000', 'kg', '1.2000', '3.3000', '0.2500', '4.3000');
INSERT INTO `invoice` VALUES ('175', '2016120110-008', '进项', '2016-12-10', '广西食物材料销售中心', '鱼干', '2000', 'kg', '1.2000', '3.3000', '0.2500', '4.3000');
INSERT INTO `invoice` VALUES ('176', '2016120110-009', '进项', '2016-12-10', '广西食物材料销售中心', '鱼干', '2000', 'kg', '1.2000', '3.3000', '0.2500', '4.3000');
INSERT INTO `invoice` VALUES ('177', '2016120110-0010', '进项', '2016-12-10', '广西食物材料销售中心', '鱼干', '2000', 'kg', '1.2000', '3.3000', '0.2500', '4.3000');
INSERT INTO `invoice` VALUES ('178', '20170102-0012', '销项', '2017-06-08', 'xxxxxxx', 'xxxx', null, 'xxxx', '2.3000', '2.3330', '0.2220', '2.5330');
INSERT INTO `invoice` VALUES ('179', '2016122210-001', '销项', '2016-12-20', '广西食xxx销售中心', '鱼干', '2000', 'kg', '1.2000', '2.3000', '0.2700', '3.3000');
INSERT INTO `invoice` VALUES ('180', '2016122210-002', '销项', '2016-12-20', '广西食xxx销售中心', '鱼干', '2000', 'kg', '1.2000', '2.3000', '0.2700', '3.3000');
INSERT INTO `invoice` VALUES ('181', '2016122210-003', '销项', '2016-12-20', '广西食xxx销售中心', '鱼干', '2000', 'kg', '1.2000', '2.3000', '0.2700', '3.3000');
INSERT INTO `invoice` VALUES ('182', '2016122210-004', '销项', '2016-12-20', '广西食xxx销售中心', '鱼干', '2000', 'kg', '1.2000', '2.3000', '0.2700', '3.3000');
INSERT INTO `invoice` VALUES ('183', '2016122210-005', '销项', '2016-12-20', '广西食xxx销售中心', '鱼干', '2000', 'kg', '1.2000', '2.3000', '0.2700', '3.3000');
INSERT INTO `invoice` VALUES ('184', '2016122210-006', '销项', '2016-12-20', '广西食xxx销售中心', '鱼干', '2000', 'kg', '1.2000', '2.3000', '0.2700', '3.3000');
INSERT INTO `invoice` VALUES ('185', '2016122210-007', '销项', '2016-12-20', '广西食xxx销售中心', '鱼干', '2000', 'kg', '1.2000', '2.3000', '0.2700', '3.3000');
INSERT INTO `invoice` VALUES ('186', '2016122210-008', '销项', '2016-12-20', '广西食xxx销售中心', '鱼干', '2000', 'kg', '1.2000', '2.3000', '0.2700', '3.3000');
INSERT INTO `invoice` VALUES ('187', '2016122210-009', '销项', '2016-12-20', '广西食xxx销售中心', '鱼干', '2000', 'kg', '1.2000', '2.3000', '0.2700', '3.3000');
INSERT INTO `invoice` VALUES ('188', '2016122210-0010', '销项', '2016-12-20', '广西食xxx销售中心', '鱼干', '2000', 'kg', '1.2000', '2.3000', '0.2700', '3.3000');
INSERT INTO `invoice` VALUES ('190', '2016112211-001', '销项', '2016-11-03', '广西食xxx销售中心', '干面', '2000', 'kg', '2.2000', '2.4000', '0.2700', '3.1000');
INSERT INTO `invoice` VALUES ('191', '2016112211-002', '销项', '2016-11-03', '广西食xxx销售中心', '干面', '2000', 'kg', '2.2000', '2.4000', '0.2700', '3.1000');
INSERT INTO `invoice` VALUES ('192', '2016112211-003', '销项', '2016-11-03', '广西食xxx销售中心', '干面', '2000', 'kg', '2.2000', '2.4000', '0.2700', '3.1000');
INSERT INTO `invoice` VALUES ('193', '2016112211-004', '销项', '2016-11-03', '广西食xxx销售中心', '干面', '2000', 'kg', '2.2000', '2.4000', '0.2700', '3.1000');
INSERT INTO `invoice` VALUES ('194', '2016112211-005', '销项', '2016-11-03', '广西食xxx销售中心', '干面', '2000', 'kg', '2.2000', '2.4000', '0.2700', '3.1000');
INSERT INTO `invoice` VALUES ('195', '2016112211-006', '销项', '2016-11-03', '广西食xxx销售中心', '干面', '2000', 'kg', '2.2000', '2.4000', '0.2700', '3.1000');
INSERT INTO `invoice` VALUES ('196', '2016112211-007', '销项', '2016-11-03', '广西食xxx销售中心', '干面', '2000', 'kg', '2.2000', '2.4000', '0.2700', '3.1000');
INSERT INTO `invoice` VALUES ('197', '2016112211-008', '销项', '2016-11-03', '广西食xxx销售中心', '干面', '2000', 'kg', '2.2000', '2.4000', '0.2700', '3.1000');
INSERT INTO `invoice` VALUES ('198', '2016112211-009', '销项', '2016-11-03', '广西食xxx销售中心', '干面', '2000', 'kg', '2.2000', '2.4000', '0.2700', '3.1000');
INSERT INTO `invoice` VALUES ('199', '2016112211-0010', '销项', '2016-11-03', '广西食xxx销售中心', '干面', '2000', 'kg', '2.2000', '2.4000', '0.2700', '3.1000');
INSERT INTO `invoice` VALUES ('203', '201621111-201', '进项', '2016-11-14', '广西食xxx销售中心', '干面', '2000', 'kg', '2.0000', '1.8000', '0.1700', '2.4000');
INSERT INTO `invoice` VALUES ('204', '201621111-202', '进项', '2016-11-14', '广西食xxx销售中心', '干面', '2000', 'kg', '2.0000', '1.8000', '0.1700', '2.4000');
INSERT INTO `invoice` VALUES ('205', '201621111-203', '进项', '2016-11-14', '广西食xxx销售中心', '干面', '2000', 'kg', '2.0000', '1.8000', '0.1700', '2.4000');
INSERT INTO `invoice` VALUES ('206', '201621111-204', '进项', '2016-11-14', '广西食xxx销售中心', '干面', '2000', 'kg', '2.0000', '1.8000', '0.1700', '2.4000');
INSERT INTO `invoice` VALUES ('207', '201621111-205', '进项', '2016-11-14', '广西食xxx销售中心', '干面', '2000', 'kg', '2.0000', '1.8000', '0.1700', '2.4000');
INSERT INTO `invoice` VALUES ('208', '201621111-206', '进项', '2016-11-14', '广西食xxx销售中心', '干面', '2000', 'kg', '2.0000', '1.8000', '0.1700', '2.4000');
INSERT INTO `invoice` VALUES ('209', '201621111-207', '进项', '2016-11-14', '广西食xxx销售中心', '干面', '2000', 'kg', '2.0000', '1.8000', '0.1700', '2.4000');
INSERT INTO `invoice` VALUES ('210', '201621111-208', '进项', '2016-11-14', '广西食xxx销售中心', '干面', '2000', 'kg', '2.0000', '1.8000', '0.1700', '2.4000');
INSERT INTO `invoice` VALUES ('211', '201621111-209', '进项', '2016-11-14', '广西食xxx销售中心', '干面', '2000', 'kg', '2.0000', '1.8000', '0.1700', '2.4000');
INSERT INTO `invoice` VALUES ('212', '201621111-2010', '进项', '2016-11-14', '广西食xxx销售中心', '干面', '2000', 'kg', '2.0000', '1.8000', '0.1700', '2.4000');
INSERT INTO `invoice` VALUES ('213', '201610110-201', '进项', '2016-10-10', '广西食xxx销售中心', '小麦', '2000', 'kg', '4.0000', '3.8000', '0.5700', '4.2000');
INSERT INTO `invoice` VALUES ('214', '201610110-202', '进项', '2016-10-10', '广西食xxx销售中心', '小麦', '2000', 'kg', '4.0000', '3.8000', '0.5700', '4.2000');
INSERT INTO `invoice` VALUES ('215', '201610110-203', '进项', '2016-10-10', '广西食xxx销售中心', '小麦', '2000', 'kg', '4.0000', '3.8000', '0.5700', '4.2000');
INSERT INTO `invoice` VALUES ('216', '201610110-204', '进项', '2016-10-10', '广西食xxx销售中心', '小麦', '2000', 'kg', '4.0000', '3.8000', '0.5700', '4.2000');
INSERT INTO `invoice` VALUES ('217', '201610110-205', '进项', '2016-10-10', '广西食xxx销售中心', '小麦', '2000', 'kg', '4.0000', '3.8000', '0.5700', '4.2000');
INSERT INTO `invoice` VALUES ('218', '201610110-206', '进项', '2016-10-10', '广西食xxx销售中心', '小麦', '2000', 'kg', '4.0000', '3.8000', '0.5700', '4.2000');
INSERT INTO `invoice` VALUES ('219', '201610110-207', '进项', '2016-10-10', '广西食xxx销售中心', '小麦', '2000', 'kg', '4.0000', '3.8000', '0.5700', '4.2000');
INSERT INTO `invoice` VALUES ('220', '201610110-208', '进项', '2016-10-10', '广西食xxx销售中心', '小麦', '2000', 'kg', '4.0000', '3.8000', '0.5700', '4.2000');
INSERT INTO `invoice` VALUES ('221', '201610110-209', '进项', '2016-10-10', '广西食xxx销售中心', '小麦', '2000', 'kg', '4.0000', '3.8000', '0.5700', '4.2000');
INSERT INTO `invoice` VALUES ('222', '201610110-2010', '进项', '2016-10-10', '广西食xxx销售中心', '小麦', '2000', 'kg', '4.0000', '3.8000', '0.5700', '4.2000');
INSERT INTO `invoice` VALUES ('223', '201610115-201', '销项', '2016-10-15', '广西食xxx销售中心', '小麦', '2000', 'kg', '5.0000', '4.3000', '0.6700', '4.9000');
INSERT INTO `invoice` VALUES ('224', '201610115-202', '销项', '2016-10-15', '广西食xxx销售中心', '小麦', '2000', 'kg', '5.0000', '4.3000', '0.6700', '4.9000');
INSERT INTO `invoice` VALUES ('225', '201610115-203', '销项', '2016-10-15', '广西食xxx销售中心', '小麦', '2000', 'kg', '5.0000', '4.3000', '0.6700', '4.9000');
INSERT INTO `invoice` VALUES ('226', '201610115-204', '销项', '2016-10-15', '广西食xxx销售中心', '小麦', '2000', 'kg', '5.0000', '4.3000', '0.6700', '4.9000');
INSERT INTO `invoice` VALUES ('227', '201610115-205', '销项', '2016-10-15', '广西食xxx销售中心', '小麦', '2000', 'kg', '5.0000', '4.3000', '0.6700', '4.9000');
INSERT INTO `invoice` VALUES ('228', '201610115-206', '销项', '2016-10-15', '广西食xxx销售中心', '小麦', '2000', 'kg', '5.0000', '4.3000', '0.6700', '4.9000');
INSERT INTO `invoice` VALUES ('229', '201610115-207', '销项', '2016-10-15', '广西食xxx销售中心', '小麦', '2000', 'kg', '5.0000', '4.3000', '0.6700', '4.9000');
INSERT INTO `invoice` VALUES ('230', '201610115-208', '销项', '2016-10-15', '广西食xxx销售中心', '小麦', '2000', 'kg', '5.0000', '4.3000', '0.6700', '4.9000');
INSERT INTO `invoice` VALUES ('231', '201610115-209', '销项', '2016-10-15', '广西食xxx销售中心', '小麦', '2000', 'kg', '5.0000', '4.3000', '0.6700', '4.9000');
INSERT INTO `invoice` VALUES ('232', '201610115-2010', '销项', '2016-10-15', '广西食xxx销售中心', '小麦', '2000', 'kg', '5.0000', '4.3000', '0.6700', '4.9000');
INSERT INTO `invoice` VALUES ('233', '201609104-201', '销项', '2016-09-04', '广西食xxx销售中心', '大米', '2000', 'kg', '2.5000', '2.8000', '0.3700', '3.2000');
INSERT INTO `invoice` VALUES ('234', '201609104-202', '销项', '2016-09-04', '广西食xxx销售中心', '大米', '2000', 'kg', '2.5000', '2.8000', '0.3700', '3.2000');
INSERT INTO `invoice` VALUES ('235', '201609104-203', '销项', '2016-09-04', '广西食xxx销售中心', '大米', '2000', 'kg', '2.5000', '2.8000', '0.3700', '3.2000');
INSERT INTO `invoice` VALUES ('236', '201609104-204', '销项', '2016-09-04', '广西食xxx销售中心', '大米', '2000', 'kg', '2.5000', '2.8000', '0.3700', '3.2000');
INSERT INTO `invoice` VALUES ('237', '201609104-205', '销项', '2016-09-04', '广西食xxx销售中心', '大米', '2000', 'kg', '2.5000', '2.8000', '0.3700', '3.2000');
INSERT INTO `invoice` VALUES ('238', '201609104-206', '销项', '2016-09-04', '广西食xxx销售中心', '大米', '2000', 'kg', '2.5000', '2.8000', '0.3700', '3.2000');
INSERT INTO `invoice` VALUES ('239', '201609104-207', '销项', '2016-09-04', '广西食xxx销售中心', '大米', '2000', 'kg', '2.5000', '2.8000', '0.3700', '3.2000');
INSERT INTO `invoice` VALUES ('240', '201609104-208', '销项', '2016-09-04', '广西食xxx销售中心', '大米', '2000', 'kg', '2.5000', '2.8000', '0.3700', '3.2000');
INSERT INTO `invoice` VALUES ('241', '201609104-209', '销项', '2016-09-04', '广西食xxx销售中心', '大米', '2000', 'kg', '2.5000', '2.8000', '0.3700', '3.2000');
INSERT INTO `invoice` VALUES ('242', '201609104-2010', '销项', '2016-09-04', '广西食xxx销售中心', '大米', '2000', 'kg', '2.5000', '2.8000', '0.3700', '3.2000');
INSERT INTO `invoice` VALUES ('243', '201609109-201', '进项', '2016-09-09', '广西食xxx销售中心', '大米', '2000', 'kg', '2.1000', '3.2000', '0.4700', '3.7000');
INSERT INTO `invoice` VALUES ('244', '201609109-202', '进项', '2016-09-09', '广西食xxx销售中心', '大米', '2000', 'kg', '2.1000', '3.2000', '0.4700', '3.7000');
INSERT INTO `invoice` VALUES ('245', '201609109-203', '进项', '2016-09-09', '广西食xxx销售中心', '大米', '2000', 'kg', '2.1000', '3.2000', '0.4700', '3.7000');
INSERT INTO `invoice` VALUES ('246', '201609109-204', '进项', '2016-09-09', '广西食xxx销售中心', '大米', '2000', 'kg', '2.1000', '3.2000', '0.4700', '3.7000');
INSERT INTO `invoice` VALUES ('247', '201609109-205', '进项', '2016-09-09', '广西食xxx销售中心', '大米', '2000', 'kg', '2.1000', '3.2000', '0.4700', '3.7000');
INSERT INTO `invoice` VALUES ('248', '201609109-206', '进项', '2016-09-09', '广西食xxx销售中心', '大米', '2000', 'kg', '2.1000', '3.2000', '0.4700', '3.7000');
INSERT INTO `invoice` VALUES ('249', '201609109-207', '进项', '2016-09-09', '广西食xxx销售中心', '大米', '2000', 'kg', '2.1000', '3.2000', '0.4700', '3.7000');
INSERT INTO `invoice` VALUES ('250', '201609109-208', '进项', '2016-09-09', '广西食xxx销售中心', '大米', '2000', 'kg', '2.1000', '3.2000', '0.4700', '3.7000');
INSERT INTO `invoice` VALUES ('251', '201609109-209', '进项', '2016-09-09', '广西食xxx销售中心', '大米', '2000', 'kg', '2.1000', '3.2000', '0.4700', '3.7000');
INSERT INTO `invoice` VALUES ('252', '201609109-2010', '进项', '2016-09-09', '广西食xxx销售中心', '大米', '2000', 'kg', '2.1000', '3.2000', '0.4700', '3.7000');
INSERT INTO `invoice` VALUES ('253', '201608102-201', '进项', '2016-08-02', '广西食xxx销售中心', '蔬菜', '2000', 'kg', '1.2000', '1.8000', '0.1700', '2.1000');
INSERT INTO `invoice` VALUES ('254', '201608102-202', '进项', '2016-08-02', '广西食xxx销售中心', '蔬菜', '2000', 'kg', '1.2000', '1.8000', '0.1700', '2.1000');
INSERT INTO `invoice` VALUES ('255', '201608102-203', '进项', '2016-08-02', '广西食xxx销售中心', '蔬菜', '2000', 'kg', '1.2000', '1.8000', '0.1700', '2.1000');
INSERT INTO `invoice` VALUES ('256', '201608102-204', '进项', '2016-08-02', '广西食xxx销售中心', '蔬菜', '2000', 'kg', '1.2000', '1.8000', '0.1700', '2.1000');
INSERT INTO `invoice` VALUES ('257', '201608102-205', '进项', '2016-08-02', '广西食xxx销售中心', '蔬菜', '2000', 'kg', '1.2000', '1.8000', '0.1700', '2.1000');
INSERT INTO `invoice` VALUES ('258', '201608102-206', '进项', '2016-08-02', '广西食xxx销售中心', '蔬菜', '2000', 'kg', '1.2000', '1.8000', '0.1700', '2.1000');
INSERT INTO `invoice` VALUES ('259', '201608102-207', '进项', '2016-08-02', '广西食xxx销售中心', '蔬菜', '2000', 'kg', '1.2000', '1.8000', '0.1700', '2.1000');
INSERT INTO `invoice` VALUES ('260', '201608102-208', '进项', '2016-08-02', '广西食xxx销售中心', '蔬菜', '2000', 'kg', '1.2000', '1.8000', '0.1700', '2.1000');
INSERT INTO `invoice` VALUES ('261', '201608102-209', '进项', '2016-08-02', '广西食xxx销售中心', '蔬菜', '2000', 'kg', '1.2000', '1.8000', '0.1700', '2.1000');
INSERT INTO `invoice` VALUES ('262', '201608102-2010', '进项', '2016-08-02', '广西食xxx销售中心', '蔬菜', '2000', 'kg', '1.2000', '1.8000', '0.1700', '2.1000');
INSERT INTO `invoice` VALUES ('263', '201608128-201', '销项', '2016-08-28', '广西食xxx销售中心', '蔬菜', '2000', 'kg', '1.2000', '2.8000', '0.4700', '3.1000');
INSERT INTO `invoice` VALUES ('264', '201608128-202', '销项', '2016-08-28', '广西食xxx销售中心', '蔬菜', '2000', 'kg', '1.2000', '2.8000', '0.4700', '3.1000');
INSERT INTO `invoice` VALUES ('265', '201608128-203', '销项', '2016-08-28', '广西食xxx销售中心', '蔬菜', '2000', 'kg', '1.2000', '2.8000', '0.4700', '3.1000');
INSERT INTO `invoice` VALUES ('266', '201608128-204', '销项', '2016-08-28', '广西食xxx销售中心', '蔬菜', '2000', 'kg', '1.2000', '2.8000', '0.4700', '3.1000');
INSERT INTO `invoice` VALUES ('267', '201608128-205', '销项', '2016-08-28', '广西食xxx销售中心', '蔬菜', '2000', 'kg', '1.2000', '2.8000', '0.4700', '3.1000');
INSERT INTO `invoice` VALUES ('268', '201608128-206', '销项', '2016-08-28', '广西食xxx销售中心', '蔬菜', '2000', 'kg', '1.2000', '2.8000', '0.4700', '3.1000');
INSERT INTO `invoice` VALUES ('269', '201608128-207', '销项', '2016-08-28', '广西食xxx销售中心', '蔬菜', '2000', 'kg', '1.2000', '2.8000', '0.4700', '3.1000');
INSERT INTO `invoice` VALUES ('270', '201608128-208', '销项', '2016-08-28', '广西食xxx销售中心', '蔬菜', '2000', 'kg', '1.2000', '2.8000', '0.4700', '3.1000');
INSERT INTO `invoice` VALUES ('271', '201608128-209', '销项', '2016-08-28', '广西食xxx销售中心', '蔬菜', '2000', 'kg', '1.2000', '2.8000', '0.4700', '3.1000');
INSERT INTO `invoice` VALUES ('272', '201608128-2010', '销项', '2016-08-28', '广西食xxx销售中心', '蔬菜', '2000', 'kg', '1.2000', '2.8000', '0.4700', '3.1000');
INSERT INTO `invoice` VALUES ('273', '201607128-201', '销项', '2016-07-21', '广西食xxx销售中心', '鸡蛋', '2000', 'kg', '1.6000', '2.4000', '0.5700', '3.0000');
INSERT INTO `invoice` VALUES ('274', '201607128-202', '销项', '2016-07-21', '广西食xxx销售中心', '鸡蛋', '2000', 'kg', '1.6000', '2.4000', '0.5700', '3.0000');
INSERT INTO `invoice` VALUES ('275', '201607128-203', '销项', '2016-07-21', '广西食xxx销售中心', '鸡蛋', '2000', 'kg', '1.6000', '2.4000', '0.5700', '3.0000');
INSERT INTO `invoice` VALUES ('276', '201607128-204', '销项', '2016-07-21', '广西食xxx销售中心', '鸡蛋', '2000', 'kg', '1.6000', '2.4000', '0.5700', '3.0000');
INSERT INTO `invoice` VALUES ('277', '201607128-205', '销项', '2016-07-21', '广西食xxx销售中心', '鸡蛋', '2000', 'kg', '1.6000', '2.4000', '0.5700', '3.0000');
INSERT INTO `invoice` VALUES ('278', '201607128-206', '销项', '2016-07-21', '广西食xxx销售中心', '鸡蛋', '2000', 'kg', '1.6000', '2.4000', '0.5700', '3.0000');
INSERT INTO `invoice` VALUES ('279', '201607128-207', '销项', '2016-07-21', '广西食xxx销售中心', '鸡蛋', '2000', 'kg', '1.6000', '2.4000', '0.5700', '3.0000');
INSERT INTO `invoice` VALUES ('280', '201607128-208', '销项', '2016-07-21', '广西食xxx销售中心', '鸡蛋', '2000', 'kg', '1.6000', '2.4000', '0.5700', '3.0000');
INSERT INTO `invoice` VALUES ('281', '201607128-209', '销项', '2016-07-21', '广西食xxx销售中心', '鸡蛋', '2000', 'kg', '1.6000', '2.4000', '0.5700', '3.0000');
INSERT INTO `invoice` VALUES ('282', '201607128-2010', '销项', '2016-07-21', '广西食xxx销售中心', '鸡蛋', '2000', 'kg', '1.6000', '2.4000', '0.5700', '3.0000');
INSERT INTO `invoice` VALUES ('283', '201607112-201', '进项', '2016-07-12', '广西食xxx销售中心', '鸡蛋', '2000', 'kg', '1.4000', '2.2000', '0.5400', '2.8000');
INSERT INTO `invoice` VALUES ('284', '201607112-202', '进项', '2016-07-12', '广西食xxx销售中心', '鸡蛋', '2000', 'kg', '1.4000', '2.2000', '0.5400', '2.8000');
INSERT INTO `invoice` VALUES ('285', '201607112-203', '进项', '2016-07-12', '广西食xxx销售中心', '鸡蛋', '2000', 'kg', '1.4000', '2.2000', '0.5400', '2.8000');
INSERT INTO `invoice` VALUES ('286', '201607112-204', '进项', '2016-07-12', '广西食xxx销售中心', '鸡蛋', '2000', 'kg', '1.4000', '2.2000', '0.5400', '2.8000');
INSERT INTO `invoice` VALUES ('287', '201607112-205', '进项', '2016-07-12', '广西食xxx销售中心', '鸡蛋', '2000', 'kg', '1.4000', '2.2000', '0.5400', '2.8000');
INSERT INTO `invoice` VALUES ('288', '201607112-206', '进项', '2016-07-12', '广西食xxx销售中心', '鸡蛋', '2000', 'kg', '1.4000', '2.2000', '0.5400', '2.8000');
INSERT INTO `invoice` VALUES ('289', '201607112-207', '进项', '2016-07-12', '广西食xxx销售中心', '鸡蛋', '2000', 'kg', '1.4000', '2.2000', '0.5400', '2.8000');
INSERT INTO `invoice` VALUES ('290', '201607112-208', '进项', '2016-07-12', '广西食xxx销售中心', '鸡蛋', '2000', 'kg', '1.4000', '2.2000', '0.5400', '2.8000');
INSERT INTO `invoice` VALUES ('291', '201607112-209', '进项', '2016-07-12', '广西食xxx销售中心', '鸡蛋', '2000', 'kg', '1.4000', '2.2000', '0.5400', '2.8000');
INSERT INTO `invoice` VALUES ('292', '201607112-2010', '进项', '2016-07-12', '广西食xxx销售中心', '鸡蛋', '2000', 'kg', '1.4000', '2.2000', '0.5400', '2.8000');
INSERT INTO `invoice` VALUES ('293', '201606103-201', '进项', '2016-06-02', '广西食xxx销售中心', '水果罐头', '2000', '瓶', '3.1000', '3.2000', '1.1000', '4.2000');
INSERT INTO `invoice` VALUES ('294', '201606103-202', '进项', '2016-06-02', '广西食xxx销售中心', '水果罐头', '2000', '瓶', '3.1000', '3.2000', '1.1000', '4.2000');
INSERT INTO `invoice` VALUES ('295', '201606103-203', '进项', '2016-06-02', '广西食xxx销售中心', '水果罐头', '2000', '瓶', '3.1000', '3.2000', '1.1000', '4.2000');
INSERT INTO `invoice` VALUES ('296', '201606103-204', '进项', '2016-06-02', '广西食xxx销售中心', '水果罐头', '2000', '瓶', '3.1000', '3.2000', '1.1000', '4.2000');
INSERT INTO `invoice` VALUES ('297', '201606103-205', '进项', '2016-06-02', '广西食xxx销售中心', '水果罐头', '2000', '瓶', '3.1000', '3.2000', '1.1000', '4.2000');
INSERT INTO `invoice` VALUES ('298', '201606103-206', '进项', '2016-06-02', '广西食xxx销售中心', '水果罐头', '2000', '瓶', '3.1000', '3.2000', '1.1000', '4.2000');
INSERT INTO `invoice` VALUES ('299', '201606103-207', '进项', '2016-06-02', '广西食xxx销售中心', '水果罐头', '2000', '瓶', '3.1000', '3.2000', '1.1000', '4.2000');
INSERT INTO `invoice` VALUES ('300', '201606103-208', '进项', '2016-06-02', '广西食xxx销售中心', '水果罐头', '2000', '瓶', '3.1000', '3.2000', '1.1000', '4.2000');
INSERT INTO `invoice` VALUES ('301', '201606103-209', '进项', '2016-06-02', '广西食xxx销售中心', '水果罐头', '2000', '瓶', '3.1000', '3.2000', '1.1000', '4.2000');
INSERT INTO `invoice` VALUES ('302', '201606103-2010', '进项', '2016-06-02', '广西食xxx销售中心', '水果罐头', '2000', '瓶', '3.1000', '3.2000', '1.1000', '4.2000');
INSERT INTO `invoice` VALUES ('303', '201606125-201', '销项', '2016-06-25', '广西食xxx销售中心', '水果罐头', '2000', '瓶', '3.5000', '3.8000', '1.2000', '4.6000');
INSERT INTO `invoice` VALUES ('304', '201606125-202', '销项', '2016-06-25', '广西食xxx销售中心', '水果罐头', '2000', '瓶', '3.5000', '3.8000', '1.2000', '4.6000');
INSERT INTO `invoice` VALUES ('305', '201606125-203', '销项', '2016-06-25', '广西食xxx销售中心', '水果罐头', '2000', '瓶', '3.5000', '3.8000', '1.2000', '4.6000');
INSERT INTO `invoice` VALUES ('306', '201606125-204', '销项', '2016-06-25', '广西食xxx销售中心', '水果罐头', '2000', '瓶', '3.5000', '3.8000', '1.2000', '4.6000');
INSERT INTO `invoice` VALUES ('307', '201606125-205', '销项', '2016-06-25', '广西食xxx销售中心', '水果罐头', '2000', '瓶', '3.5000', '3.8000', '1.2000', '4.6000');
INSERT INTO `invoice` VALUES ('308', '201606125-206', '销项', '2016-06-25', '广西食xxx销售中心', '水果罐头', '2000', '瓶', '3.5000', '3.8000', '1.2000', '4.6000');
INSERT INTO `invoice` VALUES ('309', '201606125-207', '销项', '2016-06-25', '广西食xxx销售中心', '水果罐头', '2000', '瓶', '3.5000', '3.8000', '1.2000', '4.6000');
INSERT INTO `invoice` VALUES ('310', '201606125-208', '销项', '2016-06-25', '广西食xxx销售中心', '水果罐头', '2000', '瓶', '3.5000', '3.8000', '1.2000', '4.6000');
INSERT INTO `invoice` VALUES ('311', '201606125-209', '销项', '2016-06-25', '广西食xxx销售中心', '水果罐头', '2000', '瓶', '3.5000', '3.8000', '1.2000', '4.6000');
INSERT INTO `invoice` VALUES ('312', '201606125-2010', '销项', '2016-06-25', '广西食xxx销售中心', '水果罐头', '2000', '瓶', '3.5000', '3.8000', '1.2000', '4.6000');
INSERT INTO `invoice` VALUES ('313', '201605125-201', '销项', '2016-05-25', '广西食xxx销售中心', '矿泉水', '2000', '瓶', '2.0000', '1.4000', '0.2300', '1.6000');
INSERT INTO `invoice` VALUES ('314', '201605125-202', '销项', '2016-05-25', '广西食xxx销售中心', '矿泉水', '2000', '瓶', '2.0000', '1.4000', '0.2300', '1.6000');
INSERT INTO `invoice` VALUES ('315', '201605125-203', '销项', '2016-05-25', '广西食xxx销售中心', '矿泉水', '2000', '瓶', '2.0000', '1.4000', '0.2300', '1.6000');
INSERT INTO `invoice` VALUES ('316', '201605125-204', '销项', '2016-05-25', '广西食xxx销售中心', '矿泉水', '2000', '瓶', '2.0000', '1.4000', '0.2300', '1.6000');
INSERT INTO `invoice` VALUES ('317', '201605125-205', '销项', '2016-05-25', '广西食xxx销售中心', '矿泉水', '2000', '瓶', '2.0000', '1.4000', '0.2300', '1.6000');
INSERT INTO `invoice` VALUES ('318', '201605125-206', '销项', '2016-05-25', '广西食xxx销售中心', '矿泉水', '2000', '瓶', '2.0000', '1.4000', '0.2300', '1.6000');
INSERT INTO `invoice` VALUES ('319', '201605125-207', '销项', '2016-05-25', '广西食xxx销售中心', '矿泉水', '2000', '瓶', '2.0000', '1.4000', '0.2300', '1.6000');
INSERT INTO `invoice` VALUES ('320', '201605125-208', '销项', '2016-05-25', '广西食xxx销售中心', '矿泉水', '2000', '瓶', '2.0000', '1.4000', '0.2300', '1.6000');
INSERT INTO `invoice` VALUES ('321', '201605125-209', '销项', '2016-05-25', '广西食xxx销售中心', '矿泉水', '2000', '瓶', '2.0000', '1.4000', '0.2300', '1.6000');
INSERT INTO `invoice` VALUES ('322', '201605125-2010', '销项', '2016-05-25', '广西食xxx销售中心', '矿泉水', '2000', '瓶', '2.0000', '1.4000', '0.2300', '1.6000');
INSERT INTO `invoice` VALUES ('323', '201605120-201', '进项', '2016-05-20', '广西食xxx销售中心', '矿泉水', '2000', '瓶', '1.5000', '1.2000', '0.2400', '1.7000');
INSERT INTO `invoice` VALUES ('324', '201605120-202', '进项', '2016-05-20', '广西食xxx销售中心', '矿泉水', '2000', '瓶', '1.5000', '1.2000', '0.2400', '1.7000');
INSERT INTO `invoice` VALUES ('325', '201605120-203', '进项', '2016-05-20', '广西食xxx销售中心', '矿泉水', '2000', '瓶', '1.5000', '1.2000', '0.2400', '1.7000');
INSERT INTO `invoice` VALUES ('326', '201605120-204', '进项', '2016-05-20', '广西食xxx销售中心', '矿泉水', '2000', '瓶', '1.5000', '1.2000', '0.2400', '1.7000');
INSERT INTO `invoice` VALUES ('327', '201605120-205', '进项', '2016-05-20', '广西食xxx销售中心', '矿泉水', '2000', '瓶', '1.5000', '1.2000', '0.2400', '1.7000');
INSERT INTO `invoice` VALUES ('328', '201605120-206', '进项', '2016-05-20', '广西食xxx销售中心', '矿泉水', '2000', '瓶', '1.5000', '1.2000', '0.2400', '1.7000');
INSERT INTO `invoice` VALUES ('329', '201605120-207', '进项', '2016-05-20', '广西食xxx销售中心', '矿泉水', '2000', '瓶', '1.5000', '1.2000', '0.2400', '1.7000');
INSERT INTO `invoice` VALUES ('330', '201605120-208', '进项', '2016-05-20', '广西食xxx销售中心', '矿泉水', '2000', '瓶', '1.5000', '1.2000', '0.2400', '1.7000');
INSERT INTO `invoice` VALUES ('331', '201605120-209', '进项', '2016-05-20', '广西食xxx销售中心', '矿泉水', '2000', '瓶', '1.5000', '1.2000', '0.2400', '1.7000');
INSERT INTO `invoice` VALUES ('332', '201605120-2010', '进项', '2016-05-20', '广西食xxx销售中心', '矿泉水', '2000', '瓶', '1.5000', '1.2000', '0.2400', '1.7000');
INSERT INTO `invoice` VALUES ('333', '201604110-201', '进项', '2016-04-10', '广西食xxx销售中心', '西瓜', '2000', 'kg', '2.0000', '2.1000', '0.4400', '2.4000');
INSERT INTO `invoice` VALUES ('334', '201604110-202', '进项', '2016-04-10', '广西食xxx销售中心', '西瓜', '2000', 'kg', '2.0000', '2.1000', '0.4400', '2.4000');
INSERT INTO `invoice` VALUES ('335', '201604110-203', '进项', '2016-04-10', '广西食xxx销售中心', '西瓜', '2000', 'kg', '2.0000', '2.1000', '0.4400', '2.4000');
INSERT INTO `invoice` VALUES ('336', '201604110-204', '进项', '2016-04-10', '广西食xxx销售中心', '西瓜', '2000', 'kg', '2.0000', '2.1000', '0.4400', '2.4000');
INSERT INTO `invoice` VALUES ('337', '201604110-205', '进项', '2016-04-10', '广西食xxx销售中心', '西瓜', '2000', 'kg', '2.0000', '2.1000', '0.4400', '2.4000');
INSERT INTO `invoice` VALUES ('338', '201604110-206', '进项', '2016-04-10', '广西食xxx销售中心', '西瓜', '2000', 'kg', '2.0000', '2.1000', '0.4400', '2.4000');
INSERT INTO `invoice` VALUES ('339', '201604110-207', '进项', '2016-04-10', '广西食xxx销售中心', '西瓜', '2000', 'kg', '2.0000', '2.1000', '0.4400', '2.4000');
INSERT INTO `invoice` VALUES ('340', '201604110-208', '进项', '2016-04-10', '广西食xxx销售中心', '西瓜', '2000', 'kg', '2.0000', '2.1000', '0.4400', '2.4000');
INSERT INTO `invoice` VALUES ('341', '201604110-209', '进项', '2016-04-10', '广西食xxx销售中心', '西瓜', '2000', 'kg', '2.0000', '2.1000', '0.4400', '2.4000');
INSERT INTO `invoice` VALUES ('342', '201604110-2010', '进项', '2016-04-10', '广西食xxx销售中心', '西瓜', '2000', 'kg', '2.0000', '2.1000', '0.4400', '2.4000');
INSERT INTO `invoice` VALUES ('344', '201604111-201', '销项', '2016-04-10', '广西食xxx销售中心', '西瓜果茶', '2000', '瓶', '3.2000', '3.2000', '0.7400', '4.1000');
INSERT INTO `invoice` VALUES ('345', '201604111-202', '销项', '2016-04-10', '广西食xxx销售中心', '西瓜果茶', '2000', '瓶', '3.2000', '3.2000', '0.7400', '4.1000');
INSERT INTO `invoice` VALUES ('346', '201604111-203', '销项', '2016-04-10', '广西食xxx销售中心', '西瓜果茶', '2000', '瓶', '3.2000', '3.2000', '0.7400', '4.1000');
INSERT INTO `invoice` VALUES ('347', '201604111-204', '销项', '2016-04-10', '广西食xxx销售中心', '西瓜果茶', '2000', '瓶', '3.2000', '3.2000', '0.7400', '4.1000');
INSERT INTO `invoice` VALUES ('348', '201604111-205', '销项', '2016-04-10', '广西食xxx销售中心', '西瓜果茶', '2000', '瓶', '3.2000', '3.2000', '0.7400', '4.1000');
INSERT INTO `invoice` VALUES ('349', '201604111-206', '销项', '2016-04-10', '广西食xxx销售中心', '西瓜果茶', '2000', '瓶', '3.2000', '3.2000', '0.7400', '4.1000');
INSERT INTO `invoice` VALUES ('350', '201604111-207', '销项', '2016-04-10', '广西食xxx销售中心', '西瓜果茶', '2000', '瓶', '3.2000', '3.2000', '0.7400', '4.1000');
INSERT INTO `invoice` VALUES ('351', '201604111-208', '销项', '2016-04-10', '广西食xxx销售中心', '西瓜果茶', '2000', '瓶', '3.2000', '3.2000', '0.7400', '4.1000');
INSERT INTO `invoice` VALUES ('352', '201604111-209', '销项', '2016-04-10', '广西食xxx销售中心', '西瓜果茶', '2000', '瓶', '3.2000', '3.2000', '0.7400', '4.1000');
INSERT INTO `invoice` VALUES ('353', '201604111-2010', '销项', '2016-04-10', '广西食xxx销售中心', '西瓜果茶', '2000', '瓶', '3.2000', '3.2000', '0.7400', '4.1000');
INSERT INTO `invoice` VALUES ('354', '201603111-201', '销项', '2016-03-10', '广西食xxx销售中心', '瓷碗', '2000', '个', '6.3000', '4.5000', '1.1400', '5.3000');
INSERT INTO `invoice` VALUES ('355', '201603111-202', '销项', '2016-03-10', '广西食xxx销售中心', '瓷碗', '2000', '个', '6.3000', '4.5000', '1.1400', '5.3000');
INSERT INTO `invoice` VALUES ('356', '201603111-203', '销项', '2016-03-10', '广西食xxx销售中心', '瓷碗', '2000', '个', '6.3000', '4.5000', '1.1400', '5.3000');
INSERT INTO `invoice` VALUES ('357', '201603111-204', '销项', '2016-03-10', '广西食xxx销售中心', '瓷碗', '2000', '个', '6.3000', '4.5000', '1.1400', '5.3000');
INSERT INTO `invoice` VALUES ('358', '201603111-205', '销项', '2016-03-10', '广西食xxx销售中心', '瓷碗', '2000', '个', '6.3000', '4.5000', '1.1400', '5.3000');
INSERT INTO `invoice` VALUES ('359', '201603111-206', '销项', '2016-03-10', '广西食xxx销售中心', '瓷碗', '2000', '个', '6.3000', '4.5000', '1.1400', '5.3000');
INSERT INTO `invoice` VALUES ('360', '201603111-207', '销项', '2016-03-10', '广西食xxx销售中心', '瓷碗', '2000', '个', '6.3000', '4.5000', '1.1400', '5.3000');
INSERT INTO `invoice` VALUES ('361', '201603111-208', '销项', '2016-03-10', '广西食xxx销售中心', '瓷碗', '2000', '个', '6.3000', '4.5000', '1.1400', '5.3000');
INSERT INTO `invoice` VALUES ('362', '201603111-209', '销项', '2016-03-10', '广西食xxx销售中心', '瓷碗', '2000', '个', '6.3000', '4.5000', '1.1400', '5.3000');
INSERT INTO `invoice` VALUES ('363', '201603111-2010', '销项', '2016-03-10', '广西食xxx销售中心', '瓷碗', '2000', '个', '6.3000', '4.5000', '1.1400', '5.3000');
INSERT INTO `invoice` VALUES ('364', '201603109-201', '进项', '2016-03-09', '广西食xxx销售中心', '瓷碗', '2000', '个', '4.3000', '4.1500', '0.9400', '5.1200');
INSERT INTO `invoice` VALUES ('365', '201603109-202', '进项', '2016-03-09', '广西食xxx销售中心', '瓷碗', '2000', '个', '4.3000', '4.1500', '0.9400', '5.1200');
INSERT INTO `invoice` VALUES ('366', '201603109-203', '进项', '2016-03-09', '广西食xxx销售中心', '瓷碗', '2000', '个', '4.3000', '4.1500', '0.9400', '5.1200');
INSERT INTO `invoice` VALUES ('367', '201603109-204', '进项', '2016-03-09', '广西食xxx销售中心', '瓷碗', '2000', '个', '4.3000', '4.1500', '0.9400', '5.1200');
INSERT INTO `invoice` VALUES ('368', '201603109-205', '进项', '2016-03-09', '广西食xxx销售中心', '瓷碗', '2000', '个', '4.3000', '4.1500', '0.9400', '5.1200');
INSERT INTO `invoice` VALUES ('369', '201603109-206', '进项', '2016-03-09', '广西食xxx销售中心', '瓷碗', '2000', '个', '4.3000', '4.1500', '0.9400', '5.1200');
INSERT INTO `invoice` VALUES ('370', '201603109-207', '进项', '2016-03-09', '广西食xxx销售中心', '瓷碗', '2000', '个', '4.3000', '4.1500', '0.9400', '5.1200');
INSERT INTO `invoice` VALUES ('371', '201603109-208', '进项', '2016-03-09', '广西食xxx销售中心', '瓷碗', '2000', '个', '4.3000', '4.1500', '0.9400', '5.1200');
INSERT INTO `invoice` VALUES ('372', '201603109-209', '进项', '2016-03-09', '广西食xxx销售中心', '瓷碗', '2000', '个', '4.3000', '4.1500', '0.9400', '5.1200');
INSERT INTO `invoice` VALUES ('373', '201603109-2010', '进项', '2016-03-09', '广西食xxx销售中心', '瓷碗', '2000', '个', '4.3000', '4.1500', '0.9400', '5.1200');
INSERT INTO `invoice` VALUES ('374', '201602109-201', '进项', '2016-02-01', '广西xxx销售中心', '电风扇', '2000', '个', '16.5000', '5.1500', '1.2400', '6.2200');
INSERT INTO `invoice` VALUES ('375', '201602109-202', '进项', '2016-02-01', '广西xxx销售中心', '电风扇', '2000', '个', '16.5000', '5.1500', '1.2400', '6.2200');
INSERT INTO `invoice` VALUES ('376', '201602109-203', '进项', '2016-02-01', '广西xxx销售中心', '电风扇', '2000', '个', '16.5000', '5.1500', '1.2400', '6.2200');
INSERT INTO `invoice` VALUES ('377', '201602109-204', '进项', '2016-02-01', '广西xxx销售中心', '电风扇', '2000', '个', '16.5000', '5.1500', '1.2400', '6.2200');
INSERT INTO `invoice` VALUES ('378', '201602109-205', '进项', '2016-02-01', '广西xxx销售中心', '电风扇', '2000', '个', '16.5000', '5.1500', '1.2400', '6.2200');
INSERT INTO `invoice` VALUES ('379', '201602109-206', '进项', '2016-02-01', '广西xxx销售中心', '电风扇', '2000', '个', '16.5000', '5.1500', '1.2400', '6.2200');
INSERT INTO `invoice` VALUES ('380', '201602109-207', '进项', '2016-02-01', '广西xxx销售中心', '电风扇', '2000', '个', '16.5000', '5.1500', '1.2400', '6.2200');
INSERT INTO `invoice` VALUES ('381', '201602109-208', '进项', '2016-02-01', '广西xxx销售中心', '电风扇', '2000', '个', '16.5000', '5.1500', '1.2400', '6.2200');
INSERT INTO `invoice` VALUES ('382', '201602109-209', '进项', '2016-02-01', '广西xxx销售中心', '电风扇', '2000', '个', '16.5000', '5.1500', '1.2400', '6.2200');
INSERT INTO `invoice` VALUES ('383', '201602109-2010', '进项', '2016-02-01', '广西xxx销售中心', '电风扇', '2000', '个', '16.5000', '5.1500', '1.2400', '6.2200');
INSERT INTO `invoice` VALUES ('384', '201602122-201', '销项', '2016-02-22', '广西xxx销售中心', '电风扇', '2000', '个', '20.0000', '6.1500', '1.5400', '6.4200');
INSERT INTO `invoice` VALUES ('385', '201602122-202', '销项', '2016-02-22', '广西xxx销售中心', '电风扇', '2000', '个', '20.0000', '6.1500', '1.5400', '6.4200');
INSERT INTO `invoice` VALUES ('386', '201602122-203', '销项', '2016-02-22', '广西xxx销售中心', '电风扇', '2000', '个', '20.0000', '6.1500', '1.5400', '6.4200');
INSERT INTO `invoice` VALUES ('387', '201602122-204', '销项', '2016-02-22', '广西xxx销售中心', '电风扇', '2000', '个', '20.0000', '6.1500', '1.5400', '6.4200');
INSERT INTO `invoice` VALUES ('388', '201602122-205', '销项', '2016-02-22', '广西xxx销售中心', '电风扇', '2000', '个', '20.0000', '6.1500', '1.5400', '6.4200');
INSERT INTO `invoice` VALUES ('389', '201602122-206', '销项', '2016-02-22', '广西xxx销售中心', '电风扇', '2000', '个', '20.0000', '6.1500', '1.5400', '6.4200');
INSERT INTO `invoice` VALUES ('390', '201602122-207', '销项', '2016-02-22', '广西xxx销售中心', '电风扇', '2000', '个', '20.0000', '6.1500', '1.5400', '6.4200');
INSERT INTO `invoice` VALUES ('391', '201602122-208', '销项', '2016-02-22', '广西xxx销售中心', '电风扇', '2000', '个', '20.0000', '6.1500', '1.5400', '6.4200');
INSERT INTO `invoice` VALUES ('392', '201602122-209', '销项', '2016-02-22', '广西xxx销售中心', '电风扇', '2000', '个', '20.0000', '6.1500', '1.5400', '6.4200');
INSERT INTO `invoice` VALUES ('393', '201602122-2010', '销项', '2016-02-22', '广西xxx销售中心', '电风扇', '2000', '个', '20.0000', '6.1500', '1.5400', '6.4200');
INSERT INTO `invoice` VALUES ('394', '201601122-201', '销项', '2016-01-20', '广西xxx销售中心', '花生', '2000', 'kg', '5.3000', '4.1500', '0.8400', '4.4200');
INSERT INTO `invoice` VALUES ('395', '201601122-202', '销项', '2016-01-20', '广西xxx销售中心', '花生', '2000', 'kg', '5.3000', '4.1500', '0.8400', '4.4200');
INSERT INTO `invoice` VALUES ('396', '201601122-203', '销项', '2016-01-20', '广西xxx销售中心', '花生', '2000', 'kg', '5.3000', '4.1500', '0.8400', '4.4200');
INSERT INTO `invoice` VALUES ('397', '201601122-204', '销项', '2016-01-20', '广西xxx销售中心', '花生', '2000', 'kg', '5.3000', '4.1500', '0.8400', '4.4200');
INSERT INTO `invoice` VALUES ('398', '201601122-205', '销项', '2016-01-20', '广西xxx销售中心', '花生', '2000', 'kg', '5.3000', '4.1500', '0.8400', '4.4200');
INSERT INTO `invoice` VALUES ('399', '201601122-206', '销项', '2016-01-20', '广西xxx销售中心', '花生', '2000', 'kg', '5.3000', '4.1500', '0.8400', '4.4200');
INSERT INTO `invoice` VALUES ('400', '201601122-207', '销项', '2016-01-20', '广西xxx销售中心', '花生', '2000', 'kg', '5.3000', '4.1500', '0.8400', '4.4200');
INSERT INTO `invoice` VALUES ('401', '201601122-208', '销项', '2016-01-20', '广西xxx销售中心', '花生', '2000', 'kg', '5.3000', '4.1500', '0.8400', '4.4200');
INSERT INTO `invoice` VALUES ('402', '201601122-209', '销项', '2016-01-20', '广西xxx销售中心', '花生', '2000', 'kg', '5.3000', '4.1500', '0.8400', '4.4200');
INSERT INTO `invoice` VALUES ('403', '201601122-2010', '销项', '2016-01-20', '广西xxx销售中心', '花生', '2000', 'kg', '5.3000', '4.1500', '0.8400', '4.4200');
INSERT INTO `invoice` VALUES ('404', '201601123-201', '进项', '2016-01-23', '广西xxx销售中心', '花生', '2000', 'kg', '5.0000', '3.1500', '0.8400', '3.4200');
INSERT INTO `invoice` VALUES ('405', '201601123-202', '进项', '2016-01-23', '广西xxx销售中心', '花生', '2000', 'kg', '5.0000', '3.1500', '0.8400', '3.4200');
INSERT INTO `invoice` VALUES ('406', '201601123-203', '进项', '2016-01-23', '广西xxx销售中心', '花生', '2000', 'kg', '5.0000', '3.1500', '0.8400', '3.4200');
INSERT INTO `invoice` VALUES ('407', '201601123-204', '进项', '2016-01-23', '广西xxx销售中心', '花生', '2000', 'kg', '5.0000', '3.1500', '0.8400', '3.4200');
INSERT INTO `invoice` VALUES ('408', '201601123-205', '进项', '2016-01-23', '广西xxx销售中心', '花生', '2000', 'kg', '5.0000', '3.1500', '0.8400', '3.4200');
INSERT INTO `invoice` VALUES ('409', '201601123-206', '进项', '2016-01-23', '广西xxx销售中心', '花生', '2000', 'kg', '5.0000', '3.1500', '0.8400', '3.4200');
INSERT INTO `invoice` VALUES ('410', '201601123-207', '进项', '2016-01-23', '广西xxx销售中心', '花生', '2000', 'kg', '5.0000', '3.1500', '0.8400', '3.4200');
INSERT INTO `invoice` VALUES ('411', '201601123-208', '进项', '2016-01-23', '广西xxx销售中心', '花生', '2000', 'kg', '5.0000', '3.1500', '0.8400', '3.4200');
INSERT INTO `invoice` VALUES ('412', '201601123-209', '进项', '2016-01-23', '广西xxx销售中心', '花生', '2000', 'kg', '5.0000', '3.1500', '0.8400', '3.4200');
INSERT INTO `invoice` VALUES ('413', '201601123-2010', '进项', '2016-01-23', '广西xxx销售中心', '花生', '2000', 'kg', '5.0000', '3.1500', '0.8400', '3.4200');

-- ----------------------------
-- Table structure for `log1`
-- ----------------------------
DROP TABLE IF EXISTS `log1`;
CREATE TABLE `log1` (
  `id` varchar(255) NOT NULL,
  `operator` varchar(50) DEFAULT NULL,
  `operateName` varchar(100) DEFAULT NULL,
  `operateTime` datetime DEFAULT NULL,
  `operateResult` varchar(100) DEFAULT NULL,
  `operateParams` varchar(200) DEFAULT NULL,
  PRIMARY KEY (`id`)
) ENGINE=InnoDB DEFAULT CHARSET=utf8;

-- ----------------------------
-- Records of log1
-- ----------------------------
INSERT INTO `log1` VALUES ('1', '1', '1', '2017-06-01 18:13:57', '1', null);

-- ----------------------------
-- Table structure for `log1_2017_5`
-- ----------------------------
DROP TABLE IF EXISTS `log1_2017_5`;
CREATE TABLE `log1_2017_5` (
  `id` varchar(255) NOT NULL,
  `operator` varchar(50) DEFAULT NULL,
  `operateName` varchar(100) DEFAULT NULL,
  `operateTime` datetime DEFAULT NULL,
  `operateResult` varchar(100) DEFAULT NULL,
  `operateParams` varchar(200) DEFAULT NULL,
  PRIMARY KEY (`id`)
) ENGINE=InnoDB DEFAULT CHARSET=utf8;

-- ----------------------------
-- Records of log1_2017_5
-- ----------------------------

-- ----------------------------
-- Table structure for `log1_2017_6`
-- ----------------------------
DROP TABLE IF EXISTS `log1_2017_6`;
CREATE TABLE `log1_2017_6` (
  `id` varchar(255) NOT NULL,
  `operator` varchar(50) DEFAULT NULL,
  `operateName` varchar(100) DEFAULT NULL,
  `operateTime` datetime DEFAULT NULL,
  `operateResult` varchar(100) DEFAULT NULL,
  `operateParams` varchar(200) DEFAULT NULL,
  PRIMARY KEY (`id`)
) ENGINE=InnoDB DEFAULT CHARSET=utf8;

-- ----------------------------
-- Records of log1_2017_6
-- ----------------------------
INSERT INTO `log1_2017_6` VALUES ('402881e85c91e3b0015c91e435a40000', 'admin:小明', 'deleteInvoiceByCode', '2017-06-10 20:04:31', '成功', '201701010-005;');
INSERT INTO `log1_2017_6` VALUES ('402881e85c91e3b0015c91e43fca0001', 'admin:小明', 'deleteInvoiceByCode', '2017-06-10 20:04:34', '成功', '201701010-004;');
INSERT INTO `log1_2017_6` VALUES ('402881e85c91eeeb015c91ef78b10000', 'admin:小明', 'deleteAccount', '2017-06-10 20:16:49', '成功', '10010;');
INSERT INTO `log1_2017_6` VALUES ('402881e85c91eeeb015c91ef7f8d0001', 'admin:小明', 'deleteAccount', '2017-06-10 20:16:51', '成功', '1009;');
INSERT INTO `log1_2017_6` VALUES ('402881e85cc56651015cc56b70090000', 'admin:小明', 'addInvoice', '2017-06-20 20:12:51', '成功', 'com.vatidas.entity.Invoice@1db58913;');

-- ----------------------------
-- Table structure for `log1_2017_7`
-- ----------------------------
DROP TABLE IF EXISTS `log1_2017_7`;
CREATE TABLE `log1_2017_7` (
  `id` varchar(255) NOT NULL,
  `operator` varchar(50) DEFAULT NULL,
  `operateName` varchar(100) DEFAULT NULL,
  `operateTime` datetime DEFAULT NULL,
  `operateResult` varchar(100) DEFAULT NULL,
  `operateParams` varchar(200) DEFAULT NULL,
  PRIMARY KEY (`id`)
) ENGINE=InnoDB DEFAULT CHARSET=utf8;

-- ----------------------------
-- Records of log1_2017_7
-- ----------------------------

-- ----------------------------
-- Table structure for `right1`
-- ----------------------------
DROP TABLE IF EXISTS `right1`;
CREATE TABLE `right1` (
  `id` int(11) NOT NULL AUTO_INCREMENT,
  `rightName` varchar(20) DEFAULT NULL,
  `rightUrl` varchar(100) NOT NULL,
  `rightCode` int(11) NOT NULL,
  PRIMARY KEY (`id`),
  UNIQUE KEY `UK_clfdrtt6t2bfdigr5tcf1cc09` (`rightUrl`),
  UNIQUE KEY `UK_b81gkn7u6jpu5qtq2i2omhscd` (`rightCode`)
) ENGINE=InnoDB AUTO_INCREMENT=40 DEFAULT CHARSET=utf8;

-- ----------------------------
-- Records of right1
-- ----------------------------
INSERT INTO `right1` VALUES ('1', '添加发票', '/invoiceAction_addInvoice', '1');
INSERT INTO `right1` VALUES ('2', '登录', '/loginAction_doLogin', '2');
INSERT INTO `right1` VALUES ('3', '查看发票', '/invoiceAction_findInvoice', '3');
INSERT INTO `right1` VALUES ('4', '查看账号', '/accountManagerAction_findAccount', '4');
INSERT INTO `right1` VALUES ('5', '查看分析图', '/invoiceAnalyzeAction_findAnalyzeView', '5');
INSERT INTO `right1` VALUES ('6', '删除账号', '/accountManagerAction_deleteAccount', '6');
INSERT INTO `right1` VALUES ('7', '添加账号', '/accountManagerAction_addAccount', '7');
INSERT INTO `right1` VALUES ('10', '链接添加发票', '/accountManagerAction_toAddAccount', '9');
INSERT INTO `right1` VALUES ('11', '删除发票', '/invoiceAction_deleteInvoice', '10');
INSERT INTO `right1` VALUES ('12', '获取分析数据', '/invoiceAnalyzeAction_getAnalyzeData', '11');
INSERT INTO `right1` VALUES ('13', '获取分析图', '/invoiceAnalyzeAction_getDownloadChart', '12');
INSERT INTO `right1` VALUES ('14', '修改密码', '/accountManagerAction_modifyPassword', '13');
INSERT INTO `right1` VALUES ('15', '查看日志', '/logAction_findLogs', '14');
INSERT INTO `right1` VALUES ('16', '链接添加发票', '/invoiceAction_toAddInvoice', '15');
INSERT INTO `right1` VALUES ('17', '清除导入数据', '/importDataAnalyzeAction_clearImportData', '16');
INSERT INTO `right1` VALUES ('18', '导入数据文件', '/importDataAnalyzeAction_fileUpload', '17');
INSERT INTO `right1` VALUES ('19', '退出登录', '/loginAction_doLogout', '18');
INSERT INTO `right1` VALUES ('20', '查看所有权限', '/rightAction_findRight', '19');
INSERT INTO `right1` VALUES ('21', '查看角色的权限', '/rightAction_findRoleRight', '20');
INSERT INTO `right1` VALUES ('35', '检查发票编号', '/invoiceAction_checkCode', '21');
INSERT INTO `right1` VALUES ('36', '角色授权', '/rightAction_authorize', '22');
INSERT INTO `right1` VALUES ('37', '未命名', '/logAction_findLogByDate', '23');
INSERT INTO `right1` VALUES ('38', '未命名', '/importDataAnalyzeAction_dataAnalyze', '24');
INSERT INTO `right1` VALUES ('39', '未命名', '/invoiceAnalyzeAction_findView', '25');

-- ----------------------------
-- Table structure for `role`
-- ----------------------------
DROP TABLE IF EXISTS `role`;
CREATE TABLE `role` (
  `id` int(11) NOT NULL AUTO_INCREMENT,
  `name` varchar(20) DEFAULT NULL,
  `roleDesc` varchar(50) DEFAULT NULL,
  `roleValue` varchar(255) DEFAULT NULL,
  `rightValue` int(11) DEFAULT NULL,
  PRIMARY KEY (`id`),
  UNIQUE KEY `UK_8sewwnpamngi6b1dwaa88askk` (`name`)
) ENGINE=InnoDB AUTO_INCREMENT=25 DEFAULT CHARSET=utf8;

-- ----------------------------
-- Records of role
-- ----------------------------
INSERT INTO `role` VALUES ('1', '管理员', '系统管理员', null, '-1');
INSERT INTO `role` VALUES ('23', '财务人员', null, null, '0');
INSERT INTO `role` VALUES ('24', '企业运营人员', null, null, '0');

-- ----------------------------
-- Table structure for `rolr_right_link`
-- ----------------------------
DROP TABLE IF EXISTS `rolr_right_link`;
CREATE TABLE `rolr_right_link` (
  `roleId` int(11) NOT NULL,
  `rightId` int(11) NOT NULL,
  PRIMARY KEY (`roleId`,`rightId`),
  KEY `FK_66b6co07hx0jag5jluyooruru` (`rightId`),
  CONSTRAINT `FK_66b6co07hx0jag5jluyooruru` FOREIGN KEY (`rightId`) REFERENCES `right1` (`id`),
  CONSTRAINT `FK_9c93iume5ot2rkjtogcp3mrpi` FOREIGN KEY (`roleId`) REFERENCES `role` (`id`)
) ENGINE=InnoDB DEFAULT CHARSET=utf8;

-- ----------------------------
-- Records of rolr_right_link
-- ----------------------------
INSERT INTO `rolr_right_link` VALUES ('1', '1');
INSERT INTO `rolr_right_link` VALUES ('1', '2');
INSERT INTO `rolr_right_link` VALUES ('1', '3');
INSERT INTO `rolr_right_link` VALUES ('1', '4');
INSERT INTO `rolr_right_link` VALUES ('1', '5');
INSERT INTO `rolr_right_link` VALUES ('1', '6');
INSERT INTO `rolr_right_link` VALUES ('1', '7');
INSERT INTO `rolr_right_link` VALUES ('1', '10');
INSERT INTO `rolr_right_link` VALUES ('1', '11');
INSERT INTO `rolr_right_link` VALUES ('1', '12');
INSERT INTO `rolr_right_link` VALUES ('1', '13');
INSERT INTO `rolr_right_link` VALUES ('1', '14');
INSERT INTO `rolr_right_link` VALUES ('1', '15');
INSERT INTO `rolr_right_link` VALUES ('1', '16');
INSERT INTO `rolr_right_link` VALUES ('1', '17');
INSERT INTO `rolr_right_link` VALUES ('1', '18');
INSERT INTO `rolr_right_link` VALUES ('1', '19');
INSERT INTO `rolr_right_link` VALUES ('1', '20');
INSERT INTO `rolr_right_link` VALUES ('1', '21');

-- ----------------------------
-- Table structure for `user`
-- ----------------------------
DROP TABLE IF EXISTS `user`;
CREATE TABLE `user` (
  `id` int(11) NOT NULL AUTO_INCREMENT,
  `account` varchar(255) DEFAULT NULL,
  `password` varchar(255) DEFAULT NULL,
  `nickname` varchar(255) DEFAULT NULL,
  `userId` int(11) DEFAULT NULL,
  `role` int(11) DEFAULT NULL,
  `roleId` int(11) DEFAULT NULL,
  `systemAdmin` bit(1) DEFAULT NULL,
  PRIMARY KEY (`id`),
  UNIQUE KEY `UK_dnq7r8jcmlft7l8l4j79l1h74` (`account`),
  KEY `FK_cyet3f06ja4hs3p0u8pu4y9yl` (`userId`),
  KEY `FK_dl7g53f7lpmorjc24kx74apx8` (`role`),
  KEY `FK_ao5g1e3yutsfcfv8pp9ym93c2` (`roleId`),
  CONSTRAINT `FK_ao5g1e3yutsfcfv8pp9ym93c2` FOREIGN KEY (`roleId`) REFERENCES `role` (`id`),
  CONSTRAINT `FK_cyet3f06ja4hs3p0u8pu4y9yl` FOREIGN KEY (`userId`) REFERENCES `role` (`id`),
  CONSTRAINT `FK_dl7g53f7lpmorjc24kx74apx8` FOREIGN KEY (`role`) REFERENCES `role` (`id`)
) ENGINE=InnoDB AUTO_INCREMENT=30 DEFAULT CHARSET=utf8;

-- ----------------------------
-- Records of user
-- ----------------------------
INSERT INTO `user` VALUES ('1', 'admin', '123', '小明', null, null, '1', '');
INSERT INTO `user` VALUES ('28', '1001', '123456', '123456', null, null, '23', null);
INSERT INTO `user` VALUES ('29', '1002', '123456', '123456', null, null, '24', null);

-- ----------------------------
-- View structure for `inoutstatisticview`
-- ----------------------------
DROP VIEW IF EXISTS `inoutstatisticview`;
CREATE ALGORITHM=UNDEFINED DEFINER=`root`@`localhost` SQL SECURITY DEFINER VIEW `inoutstatisticview` AS select date_format(`invoice`.`date`,'%Y-%m-01') AS `yearMonth`,`invoice`.`type` AS `type`,count(0) AS `invoNum`,sum(`invoice`.`invoiceTaxMoney`) AS `taxMoney`,sum(`invoice`.`totalMoney`) AS `money` from `invoice` group by date_format(`invoice`.`date`,'%Y-%m-01'),`invoice`.`type` ;
